employeeId,locationId,since,deskNo,workPattern,floor,badgeAccess,remoteEligibility,primarySite,updatedAt
E10001,L003,18-01-2010,Desk-324,Hybrid,5th Floor,TRUE,TRUE,TRUE,24-11-2025
E10002,L004,27-12-2024,Desk-419,Hybrid,5th Floor,TRUE,TRUE,TRUE,24-11-2025
E10003,L001,08-12-2012,Desk-224,Hybrid,5th Floor,TRUE,TRUE,TRUE,24-11-2025
E10004,L002,13-12-2015,Desk-290,Hybrid,5th Floor,TRUE,TRUE,TRUE,24-11-2025
E10005,L005,19-12-2011,Desk-101,Hybrid,5th Floor,TRUE,TRUE,TRUE,24-11-2025
E10006,L002,01-11-2013,Desk-220,Hybrid,5th Floor,TRUE,TRUE,TRUE,24-11-2025
E10007,L005,06-08-2019,Desk-345,Hybrid,5th Floor,TRUE,TRUE,TRUE,24-11-2025
E10008,L002,05-11-2011,Desk-170,Hybrid,5th Floor,TRUE,TRUE,TRUE,24-11-2025
E10009,L004,10-07-2013,Desk-296,Hybrid,5th Floor,TRUE,TRUE,TRUE,24-11-2025
E10010,L005,19-02-2012,Desk-448,Hybrid,5th Floor,TRUE,TRUE,TRUE,24-11-2025
E10011,L001,05-07-2019,Desk-18,Hybrid,5th Floor,TRUE,TRUE,TRUE,24-11-2025
E10012,L001,20-10-2024,Desk-215,Hybrid,5th Floor,TRUE,TRUE,TRUE,24-11-2025
E10013,L002,06-04-2012,Desk-315,Hybrid,5th Floor,TRUE,TRUE,TRUE,24-11-2025
E10014,L003,10-05-2015,Desk-344,Hybrid,5th Floor,TRUE,TRUE,TRUE,24-11-2025
E10015,L005,03-06-2019,Desk-437,Hybrid,5th Floor,TRUE,TRUE,TRUE,24-11-2025
E10016,L003,18-04-2023,Desk-351,Hybrid,5th Floor,TRUE,TRUE,TRUE,24-11-2025
E10017,L003,02-09-2010,Desk-410,Hybrid,5th Floor,TRUE,TRUE,TRUE,24-11-2025
E10018,L002,13-10-2016,Desk-389,Hybrid,5th Floor,TRUE,TRUE,TRUE,24-11-2025
E10019,L004,28-02-2023,Desk-369,Hybrid,5th Floor,TRUE,TRUE,TRUE,24-11-2025
E10020,L004,04-05-2010,Desk-454,Hybrid,5th Floor,TRUE,TRUE,TRUE,24-11-2025
E10021,L003,12-09-2020,Desk-158,Hybrid,5th Floor,TRUE,TRUE,TRUE,24-11-2025
E10022,L002,24-01-2017,Desk-229,Hybrid,5th Floor,TRUE,TRUE,TRUE,24-11-2025
E10023,L004,13-08-2020,Desk-465,Hybrid,5th Floor,TRUE,TRUE,TRUE,24-11-2025
E10024,L001,14-08-2012,Desk-401,Hybrid,5th Floor,TRUE,TRUE,TRUE,24-11-2025
E10025,L005,24-10-2010,Desk-375,Hybrid,5th Floor,TRUE,TRUE,TRUE,24-11-2025
E10026,L001,31-10-2014,Desk-338,Hybrid,5th Floor,TRUE,TRUE,TRUE,24-11-2025
E10027,L003,14-11-2014,Desk-40,Hybrid,5th Floor,TRUE,TRUE,TRUE,24-11-2025
E10028,L001,05-11-2018,Desk-283,Hybrid,5th Floor,TRUE,TRUE,TRUE,24-11-2025
E10029,L003,10-02-2013,Desk-273,Hybrid,5th Floor,TRUE,TRUE,TRUE,24-11-2025
E10030,L005,08-12-2011,Desk-197,Hybrid,5th Floor,TRUE,TRUE,TRUE,24-11-2025
E10031,L003,25-10-2012,Desk-61,Hybrid,5th Floor,TRUE,TRUE,TRUE,24-11-2025
E10032,L002,29-10-2024,Desk-119,Hybrid,5th Floor,TRUE,TRUE,TRUE,24-11-2025
E10033,L001,07-08-2010,Desk-72,Hybrid,5th Floor,TRUE,TRUE,TRUE,24-11-2025
E10034,L002,27-09-2014,Desk-129,Hybrid,5th Floor,TRUE,TRUE,TRUE,24-11-2025
E10035,L004,23-05-2016,Desk-429,Hybrid,5th Floor,TRUE,TRUE,TRUE,24-11-2025
E10036,L005,15-10-2013,Desk-318,Hybrid,5th Floor,TRUE,TRUE,TRUE,24-11-2025
E10037,L001,27-07-2010,Desk-275,Hybrid,5th Floor,TRUE,TRUE,TRUE,24-11-2025
E10038,L003,02-01-2014,Desk-75,Hybrid,5th Floor,TRUE,TRUE,TRUE,24-11-2025
E10039,L001,08-03-2016,Desk-331,Hybrid,5th Floor,TRUE,TRUE,TRUE,24-11-2025
E10040,L004,03-11-2016,Desk-425,Hybrid,5th Floor,TRUE,TRUE,TRUE,24-11-2025
E10041,L002,06-02-2012,Desk-169,Hybrid,5th Floor,TRUE,TRUE,TRUE,24-11-2025
E10042,L004,05-10-2018,Desk-500,Hybrid,5th Floor,TRUE,TRUE,TRUE,24-11-2025
E10043,L002,18-07-2018,Desk-419,Hybrid,5th Floor,TRUE,TRUE,TRUE,24-11-2025
E10044,L003,17-02-2016,Desk-333,Hybrid,5th Floor,TRUE,TRUE,TRUE,24-11-2025
E10045,L005,05-11-2019,Desk-205,Hybrid,5th Floor,TRUE,TRUE,TRUE,24-11-2025
E10046,L002,14-09-2016,Desk-294,Hybrid,5th Floor,TRUE,TRUE,TRUE,24-11-2025
E10047,L001,03-03-2012,Desk-92,Hybrid,5th Floor,TRUE,TRUE,TRUE,24-11-2025
E10048,L002,15-08-2015,Desk-62,Hybrid,5th Floor,TRUE,TRUE,TRUE,24-11-2025
E10049,L005,02-10-2010,Desk-344,Hybrid,5th Floor,TRUE,TRUE,TRUE,24-11-2025
E10050,L003,03-04-2019,Desk-238,Hybrid,5th Floor,TRUE,TRUE,TRUE,24-11-2025
E10051,L002,23-01-2017,Desk-139,Hybrid,5th Floor,TRUE,TRUE,TRUE,24-11-2025
E10052,L005,17-12-2017,Desk-149,Hybrid,5th Floor,TRUE,TRUE,TRUE,24-11-2025
E10053,L004,02-03-2013,Desk-8,Hybrid,5th Floor,TRUE,TRUE,TRUE,24-11-2025
E10054,L003,03-09-2013,Desk-381,Hybrid,5th Floor,TRUE,TRUE,TRUE,24-11-2025
E10055,L005,09-03-2020,Desk-355,Hybrid,5th Floor,TRUE,TRUE,TRUE,24-11-2025
E10056,L001,21-08-2023,Desk-393,Hybrid,5th Floor,TRUE,TRUE,TRUE,24-11-2025
E10057,L002,15-12-2011,Desk-172,Hybrid,5th Floor,TRUE,TRUE,TRUE,24-11-2025
E10058,L005,21-06-2022,Desk-129,Hybrid,5th Floor,TRUE,TRUE,TRUE,24-11-2025
E10059,L001,23-10-2010,Desk-479,Hybrid,5th Floor,TRUE,TRUE,TRUE,24-11-2025
E10060,L002,05-01-2022,Desk-140,Hybrid,5th Floor,TRUE,TRUE,TRUE,24-11-2025
E10061,L004,28-12-2020,Desk-48,Hybrid,5th Floor,TRUE,TRUE,TRUE,24-11-2025
E10062,L003,29-08-2022,Desk-234,Hybrid,5th Floor,TRUE,TRUE,TRUE,24-11-2025
E10063,L003,12-06-2011,Desk-247,Hybrid,5th Floor,TRUE,TRUE,TRUE,24-11-2025
E10064,L003,03-01-2012,Desk-453,Hybrid,5th Floor,TRUE,TRUE,TRUE,24-11-2025
E10065,L005,13-02-2023,Desk-256,Hybrid,5th Floor,TRUE,TRUE,TRUE,24-11-2025
E10066,L002,17-06-2020,Desk-68,Hybrid,5th Floor,TRUE,TRUE,TRUE,24-11-2025
E10067,L004,30-12-2010,Desk-54,Hybrid,5th Floor,TRUE,TRUE,TRUE,24-11-2025
E10068,L002,08-10-2013,Desk-209,Hybrid,5th Floor,TRUE,TRUE,TRUE,24-11-2025
E10069,L002,15-09-2013,Desk-312,Hybrid,5th Floor,TRUE,TRUE,TRUE,24-11-2025
E10070,L001,06-08-2015,Desk-268,Hybrid,5th Floor,TRUE,TRUE,TRUE,24-11-2025
E10071,L005,17-11-2019,Desk-443,Hybrid,5th Floor,TRUE,TRUE,TRUE,24-11-2025
E10072,L002,10-12-2023,Desk-53,Hybrid,5th Floor,TRUE,TRUE,TRUE,24-11-2025
E10073,L002,02-05-2015,Desk-2,Hybrid,5th Floor,TRUE,TRUE,TRUE,24-11-2025
E10074,L004,17-09-2014,Desk-411,Hybrid,5th Floor,TRUE,TRUE,TRUE,24-11-2025
E10075,L005,08-06-2021,Desk-383,Hybrid,5th Floor,TRUE,TRUE,TRUE,24-11-2025
E10076,L001,23-04-2014,Desk-410,Hybrid,5th Floor,TRUE,TRUE,TRUE,24-11-2025
E10077,L001,02-02-2019,Desk-171,Hybrid,5th Floor,TRUE,TRUE,TRUE,24-11-2025
E10078,L003,30-09-2014,Desk-397,Hybrid,5th Floor,TRUE,TRUE,TRUE,24-11-2025
E10079,L001,11-03-2020,Desk-58,Hybrid,5th Floor,TRUE,TRUE,TRUE,24-11-2025
E10080,L001,12-11-2011,Desk-117,Hybrid,5th Floor,TRUE,TRUE,TRUE,24-11-2025
E10081,L001,11-09-2014,Desk-285,Hybrid,5th Floor,TRUE,TRUE,TRUE,24-11-2025
E10082,L004,24-12-2013,Desk-348,Hybrid,5th Floor,TRUE,TRUE,TRUE,24-11-2025
E10083,L005,06-09-2021,Desk-224,Hybrid,5th Floor,TRUE,TRUE,TRUE,24-11-2025
E10084,L005,15-11-2021,Desk-153,Hybrid,5th Floor,TRUE,TRUE,TRUE,24-11-2025
E10085,L004,16-09-2024,Desk-458,Hybrid,5th Floor,TRUE,TRUE,TRUE,24-11-2025
E10086,L005,23-02-2021,Desk-146,Hybrid,5th Floor,TRUE,TRUE,TRUE,24-11-2025
E10087,L005,14-10-2012,Desk-39,Hybrid,5th Floor,TRUE,TRUE,TRUE,24-11-2025
E10088,L002,21-05-2011,Desk-469,Hybrid,5th Floor,TRUE,TRUE,TRUE,24-11-2025
E10089,L003,29-08-2016,Desk-31,Hybrid,5th Floor,TRUE,TRUE,TRUE,24-11-2025
E10090,L001,15-08-2019,Desk-331,Hybrid,5th Floor,TRUE,TRUE,TRUE,24-11-2025
E10091,L004,13-06-2015,Desk-254,Hybrid,5th Floor,TRUE,TRUE,TRUE,24-11-2025
E10092,L001,07-09-2011,Desk-92,Hybrid,5th Floor,TRUE,TRUE,TRUE,24-11-2025
E10093,L002,17-01-2010,Desk-244,Hybrid,5th Floor,TRUE,TRUE,TRUE,24-11-2025
E10094,L003,04-01-2019,Desk-166,Hybrid,5th Floor,TRUE,TRUE,TRUE,24-11-2025
E10095,L002,30-10-2014,Desk-393,Hybrid,5th Floor,TRUE,TRUE,TRUE,24-11-2025
E10096,L005,12-07-2015,Desk-476,Hybrid,5th Floor,TRUE,TRUE,TRUE,24-11-2025
E10097,L003,02-08-2011,Desk-14,Hybrid,5th Floor,TRUE,TRUE,TRUE,24-11-2025
E10098,L005,08-03-2011,Desk-443,Hybrid,5th Floor,TRUE,TRUE,TRUE,24-11-2025
E10099,L005,06-04-2013,Desk-267,Hybrid,5th Floor,TRUE,TRUE,TRUE,24-11-2025
E10100,L002,18-07-2017,Desk-76,Hybrid,5th Floor,TRUE,TRUE,TRUE,24-11-2025
E10101,L005,18-12-2012,Desk-403,Hybrid,5th Floor,TRUE,TRUE,TRUE,24-11-2025
E10102,L005,02-04-2016,Desk-453,Hybrid,5th Floor,TRUE,TRUE,TRUE,24-11-2025
E10103,L002,17-05-2015,Desk-219,Hybrid,5th Floor,TRUE,TRUE,TRUE,24-11-2025
E10104,L003,17-06-2014,Desk-66,Hybrid,5th Floor,TRUE,TRUE,TRUE,24-11-2025
E10105,L005,23-08-2013,Desk-327,Hybrid,5th Floor,TRUE,TRUE,TRUE,24-11-2025
E10106,L001,01-08-2020,Desk-257,Hybrid,5th Floor,TRUE,TRUE,TRUE,24-11-2025
E10107,L005,27-06-2024,Desk-483,Hybrid,5th Floor,TRUE,TRUE,TRUE,24-11-2025
E10108,L002,23-06-2024,Desk-480,Hybrid,5th Floor,TRUE,TRUE,TRUE,24-11-2025
E10109,L004,12-08-2020,Desk-498,Hybrid,5th Floor,TRUE,TRUE,TRUE,24-11-2025
E10110,L005,10-05-2012,Desk-55,Hybrid,5th Floor,TRUE,TRUE,TRUE,24-11-2025
E10111,L003,16-08-2019,Desk-180,Hybrid,5th Floor,TRUE,TRUE,TRUE,24-11-2025
E10112,L004,10-07-2010,Desk-36,Hybrid,5th Floor,TRUE,TRUE,TRUE,24-11-2025
E10113,L005,11-12-2016,Desk-333,Hybrid,5th Floor,TRUE,TRUE,TRUE,24-11-2025
E10114,L005,10-04-2017,Desk-403,Hybrid,5th Floor,TRUE,TRUE,TRUE,24-11-2025
E10115,L003,12-10-2022,Desk-329,Hybrid,5th Floor,TRUE,TRUE,TRUE,24-11-2025
E10116,L004,19-08-2020,Desk-356,Hybrid,5th Floor,TRUE,TRUE,TRUE,24-11-2025
E10117,L003,04-01-2023,Desk-86,Hybrid,5th Floor,TRUE,TRUE,TRUE,24-11-2025
E10118,L001,06-04-2024,Desk-371,Hybrid,5th Floor,TRUE,TRUE,TRUE,24-11-2025
E10119,L001,17-12-2021,Desk-328,Hybrid,5th Floor,TRUE,TRUE,TRUE,24-11-2025
E10120,L004,10-09-2021,Desk-487,Hybrid,5th Floor,TRUE,TRUE,TRUE,24-11-2025
E10121,L005,24-10-2015,Desk-212,Hybrid,5th Floor,TRUE,TRUE,TRUE,24-11-2025
E10122,L003,26-12-2018,Desk-255,Hybrid,5th Floor,TRUE,TRUE,TRUE,24-11-2025
E10123,L005,09-12-2018,Desk-253,Hybrid,5th Floor,TRUE,TRUE,TRUE,24-11-2025
E10124,L004,13-02-2017,Desk-416,Hybrid,5th Floor,TRUE,TRUE,TRUE,24-11-2025
E10125,L004,08-08-2022,Desk-15,Hybrid,5th Floor,TRUE,TRUE,TRUE,24-11-2025
E10126,L004,23-05-2012,Desk-299,Hybrid,5th Floor,TRUE,TRUE,TRUE,24-11-2025
E10127,L001,05-12-2016,Desk-125,Hybrid,5th Floor,TRUE,TRUE,TRUE,24-11-2025
E10128,L001,15-08-2017,Desk-405,Hybrid,5th Floor,TRUE,TRUE,TRUE,24-11-2025
E10129,L005,19-08-2017,Desk-289,Hybrid,5th Floor,TRUE,TRUE,TRUE,24-11-2025
E10130,L002,02-02-2010,Desk-321,Hybrid,5th Floor,TRUE,TRUE,TRUE,24-11-2025
E10131,L001,07-08-2019,Desk-311,Hybrid,5th Floor,TRUE,TRUE,TRUE,24-11-2025
E10132,L005,26-11-2021,Desk-181,Hybrid,5th Floor,TRUE,TRUE,TRUE,24-11-2025
E10133,L002,02-07-2013,Desk-269,Hybrid,5th Floor,TRUE,TRUE,TRUE,24-11-2025
E10134,L005,03-11-2018,Desk-341,Hybrid,5th Floor,TRUE,TRUE,TRUE,24-11-2025
E10135,L004,03-09-2015,Desk-157,Hybrid,5th Floor,TRUE,TRUE,TRUE,24-11-2025
E10136,L003,11-08-2021,Desk-241,Hybrid,5th Floor,TRUE,TRUE,TRUE,24-11-2025
E10137,L002,17-09-2013,Desk-463,Hybrid,5th Floor,TRUE,TRUE,TRUE,24-11-2025
E10138,L003,08-06-2021,Desk-279,Hybrid,5th Floor,TRUE,TRUE,TRUE,24-11-2025
E10139,L001,02-01-2012,Desk-366,Hybrid,5th Floor,TRUE,TRUE,TRUE,24-11-2025
E10140,L001,09-02-2016,Desk-216,Hybrid,5th Floor,TRUE,TRUE,TRUE,24-11-2025
E10141,L005,05-04-2014,Desk-59,Hybrid,5th Floor,TRUE,TRUE,TRUE,24-11-2025
E10142,L001,26-10-2012,Desk-85,Hybrid,5th Floor,TRUE,TRUE,TRUE,24-11-2025
E10143,L001,18-01-2020,Desk-140,Hybrid,5th Floor,TRUE,TRUE,TRUE,24-11-2025
E10144,L003,23-11-2023,Desk-429,Hybrid,5th Floor,TRUE,TRUE,TRUE,24-11-2025
E10145,L005,01-01-2021,Desk-307,Hybrid,5th Floor,TRUE,TRUE,TRUE,24-11-2025
E10146,L002,21-07-2024,Desk-118,Hybrid,5th Floor,TRUE,TRUE,TRUE,24-11-2025
E10147,L003,01-11-2019,Desk-175,Hybrid,5th Floor,TRUE,TRUE,TRUE,24-11-2025
E10148,L001,18-06-2012,Desk-88,Hybrid,5th Floor,TRUE,TRUE,TRUE,24-11-2025
E10149,L002,16-11-2021,Desk-24,Hybrid,5th Floor,TRUE,TRUE,TRUE,24-11-2025
E10150,L002,21-05-2020,Desk-20,Hybrid,5th Floor,TRUE,TRUE,TRUE,24-11-2025
E10151,L003,07-06-2014,Desk-259,Hybrid,5th Floor,TRUE,TRUE,TRUE,24-11-2025
E10152,L005,02-09-2022,Desk-308,Hybrid,5th Floor,TRUE,TRUE,TRUE,24-11-2025
E10153,L004,11-09-2010,Desk-106,Hybrid,5th Floor,TRUE,TRUE,TRUE,24-11-2025
E10154,L002,20-07-2012,Desk-406,Hybrid,5th Floor,TRUE,TRUE,TRUE,24-11-2025
E10155,L002,14-10-2022,Desk-488,Hybrid,5th Floor,TRUE,TRUE,TRUE,24-11-2025
E10156,L004,22-05-2022,Desk-207,Hybrid,5th Floor,TRUE,TRUE,TRUE,24-11-2025
E10157,L004,23-07-2016,Desk-500,Hybrid,5th Floor,TRUE,TRUE,TRUE,24-11-2025
E10158,L002,14-07-2019,Desk-402,Hybrid,5th Floor,TRUE,TRUE,TRUE,24-11-2025
E10159,L001,11-03-2014,Desk-395,Hybrid,5th Floor,TRUE,TRUE,TRUE,24-11-2025
E10160,L005,08-01-2024,Desk-235,Hybrid,5th Floor,TRUE,TRUE,TRUE,24-11-2025
E10161,L001,23-04-2024,Desk-365,Hybrid,5th Floor,TRUE,TRUE,TRUE,24-11-2025
E10162,L005,06-11-2021,Desk-97,Hybrid,5th Floor,TRUE,TRUE,TRUE,24-11-2025
E10163,L005,16-11-2012,Desk-441,Hybrid,5th Floor,TRUE,TRUE,TRUE,24-11-2025
E10164,L003,08-09-2015,Desk-356,Hybrid,5th Floor,TRUE,TRUE,TRUE,24-11-2025
E10165,L002,06-05-2010,Desk-137,Hybrid,5th Floor,TRUE,TRUE,TRUE,24-11-2025
E10166,L003,17-04-2021,Desk-398,Hybrid,5th Floor,TRUE,TRUE,TRUE,24-11-2025
E10167,L005,07-05-2019,Desk-205,Hybrid,5th Floor,TRUE,TRUE,TRUE,24-11-2025
E10168,L005,07-01-2017,Desk-54,Hybrid,5th Floor,TRUE,TRUE,TRUE,24-11-2025
E10169,L003,29-07-2021,Desk-80,Hybrid,5th Floor,TRUE,TRUE,TRUE,24-11-2025
E10170,L004,26-01-2018,Desk-88,Hybrid,5th Floor,TRUE,TRUE,TRUE,24-11-2025
E10171,L003,05-01-2012,Desk-158,Hybrid,5th Floor,TRUE,TRUE,TRUE,24-11-2025
E10172,L001,25-03-2016,Desk-37,Hybrid,5th Floor,TRUE,TRUE,TRUE,24-11-2025
E10173,L004,06-06-2021,Desk-284,Hybrid,5th Floor,TRUE,TRUE,TRUE,24-11-2025
E10174,L003,17-12-2011,Desk-252,Hybrid,5th Floor,TRUE,TRUE,TRUE,24-11-2025
E10175,L001,28-01-2021,Desk-111,Hybrid,5th Floor,TRUE,TRUE,TRUE,24-11-2025
E10176,L003,16-09-2012,Desk-176,Hybrid,5th Floor,TRUE,TRUE,TRUE,24-11-2025
E10177,L002,27-02-2014,Desk-457,Hybrid,5th Floor,TRUE,TRUE,TRUE,24-11-2025
E10178,L003,26-12-2010,Desk-155,Hybrid,5th Floor,TRUE,TRUE,TRUE,24-11-2025
E10179,L002,23-11-2017,Desk-380,Hybrid,5th Floor,TRUE,TRUE,TRUE,24-11-2025
E10180,L003,02-03-2018,Desk-250,Hybrid,5th Floor,TRUE,TRUE,TRUE,24-11-2025
E10181,L001,22-12-2013,Desk-20,Hybrid,5th Floor,TRUE,TRUE,TRUE,24-11-2025
E10182,L002,11-12-2016,Desk-201,Hybrid,5th Floor,TRUE,TRUE,TRUE,24-11-2025
E10183,L001,07-04-2019,Desk-60,Hybrid,5th Floor,TRUE,TRUE,TRUE,24-11-2025
E10184,L003,04-10-2012,Desk-216,Hybrid,5th Floor,TRUE,TRUE,TRUE,24-11-2025
E10185,L003,15-04-2014,Desk-303,Hybrid,5th Floor,TRUE,TRUE,TRUE,24-11-2025
E10186,L002,08-05-2017,Desk-457,Hybrid,5th Floor,TRUE,TRUE,TRUE,24-11-2025
E10187,L003,27-10-2019,Desk-283,Hybrid,5th Floor,TRUE,TRUE,TRUE,24-11-2025
E10188,L002,17-04-2018,Desk-123,Hybrid,5th Floor,TRUE,TRUE,TRUE,24-11-2025
E10189,L005,21-08-2024,Desk-48,Hybrid,5th Floor,TRUE,TRUE,TRUE,24-11-2025
E10190,L003,20-05-2011,Desk-250,Hybrid,5th Floor,TRUE,TRUE,TRUE,24-11-2025
E10191,L003,19-12-2012,Desk-156,Hybrid,5th Floor,TRUE,TRUE,TRUE,24-11-2025
E10192,L005,20-01-2022,Desk-88,Hybrid,5th Floor,TRUE,TRUE,TRUE,24-11-2025
E10193,L001,13-05-2013,Desk-299,Hybrid,5th Floor,TRUE,TRUE,TRUE,24-11-2025
E10194,L005,30-05-2024,Desk-296,Hybrid,5th Floor,TRUE,TRUE,TRUE,24-11-2025
E10195,L003,06-08-2013,Desk-64,Hybrid,5th Floor,TRUE,TRUE,TRUE,24-11-2025
E10196,L001,13-10-2012,Desk-101,Hybrid,5th Floor,TRUE,TRUE,TRUE,24-11-2025
E10197,L003,13-04-2018,Desk-220,Hybrid,5th Floor,TRUE,TRUE,TRUE,24-11-2025
E10198,L001,02-01-2022,Desk-201,Hybrid,5th Floor,TRUE,TRUE,TRUE,24-11-2025
E10199,L004,30-08-2011,Desk-72,Hybrid,5th Floor,TRUE,TRUE,TRUE,24-11-2025
E10200,L005,04-02-2022,Desk-232,Hybrid,5th Floor,TRUE,TRUE,TRUE,24-11-2025
E10201,L002,17-11-2018,Desk-222,Hybrid,5th Floor,TRUE,TRUE,TRUE,24-11-2025
E10202,L004,13-10-2017,Desk-250,Hybrid,5th Floor,TRUE,TRUE,TRUE,24-11-2025
E10203,L001,09-10-2021,Desk-419,Hybrid,5th Floor,TRUE,TRUE,TRUE,24-11-2025
E10204,L003,05-10-2013,Desk-256,Hybrid,5th Floor,TRUE,TRUE,TRUE,24-11-2025
E10205,L005,15-10-2020,Desk-321,Hybrid,5th Floor,TRUE,TRUE,TRUE,24-11-2025
E10206,L003,26-04-2023,Desk-49,Hybrid,5th Floor,TRUE,TRUE,TRUE,24-11-2025
E10207,L005,18-11-2020,Desk-478,Hybrid,5th Floor,TRUE,TRUE,TRUE,24-11-2025
E10208,L004,06-02-2018,Desk-373,Hybrid,5th Floor,TRUE,TRUE,TRUE,24-11-2025
E10209,L003,30-03-2010,Desk-459,Hybrid,5th Floor,TRUE,TRUE,TRUE,24-11-2025
E10210,L004,02-05-2019,Desk-100,Hybrid,5th Floor,TRUE,TRUE,TRUE,24-11-2025
E10211,L001,26-12-2017,Desk-365,Hybrid,5th Floor,TRUE,TRUE,TRUE,24-11-2025
E10212,L005,15-11-2010,Desk-349,Hybrid,5th Floor,TRUE,TRUE,TRUE,24-11-2025
E10213,L004,09-06-2018,Desk-72,Hybrid,5th Floor,TRUE,TRUE,TRUE,24-11-2025
E10214,L002,20-04-2010,Desk-79,Hybrid,5th Floor,TRUE,TRUE,TRUE,24-11-2025
E10215,L003,20-12-2021,Desk-184,Hybrid,5th Floor,TRUE,TRUE,TRUE,24-11-2025
E10216,L003,09-03-2012,Desk-36,Hybrid,5th Floor,TRUE,TRUE,TRUE,24-11-2025
E10217,L002,21-09-2023,Desk-177,Hybrid,5th Floor,TRUE,TRUE,TRUE,24-11-2025
E10218,L003,26-02-2018,Desk-478,Hybrid,5th Floor,TRUE,TRUE,TRUE,24-11-2025
E10219,L004,07-06-2014,Desk-243,Hybrid,5th Floor,TRUE,TRUE,TRUE,24-11-2025
E10220,L002,10-11-2015,Desk-163,Hybrid,5th Floor,TRUE,TRUE,TRUE,24-11-2025
E10221,L002,12-10-2015,Desk-162,Hybrid,5th Floor,TRUE,TRUE,TRUE,24-11-2025
E10222,L001,27-12-2018,Desk-172,Hybrid,5th Floor,TRUE,TRUE,TRUE,24-11-2025
E10223,L001,05-04-2017,Desk-461,Hybrid,5th Floor,TRUE,TRUE,TRUE,24-11-2025
E10224,L005,15-09-2012,Desk-322,Hybrid,5th Floor,TRUE,TRUE,TRUE,24-11-2025
E10225,L004,21-09-2014,Desk-145,Hybrid,5th Floor,TRUE,TRUE,TRUE,24-11-2025
E10226,L003,14-12-2021,Desk-446,Hybrid,5th Floor,TRUE,TRUE,TRUE,24-11-2025
E10227,L003,27-11-2022,Desk-198,Hybrid,5th Floor,TRUE,TRUE,TRUE,24-11-2025
E10228,L004,08-04-2022,Desk-167,Hybrid,5th Floor,TRUE,TRUE,TRUE,24-11-2025
E10229,L001,02-08-2024,Desk-255,Hybrid,5th Floor,TRUE,TRUE,TRUE,24-11-2025
E10230,L003,15-05-2011,Desk-477,Hybrid,5th Floor,TRUE,TRUE,TRUE,24-11-2025
E10231,L004,05-06-2021,Desk-169,Hybrid,5th Floor,TRUE,TRUE,TRUE,24-11-2025
E10232,L003,23-10-2017,Desk-435,Hybrid,5th Floor,TRUE,TRUE,TRUE,24-11-2025
E10233,L003,28-09-2018,Desk-239,Hybrid,5th Floor,TRUE,TRUE,TRUE,24-11-2025
E10234,L001,26-01-2011,Desk-471,Hybrid,5th Floor,TRUE,TRUE,TRUE,24-11-2025
E10235,L002,16-08-2014,Desk-246,Hybrid,5th Floor,TRUE,TRUE,TRUE,24-11-2025
E10236,L001,24-10-2010,Desk-499,Hybrid,5th Floor,TRUE,TRUE,TRUE,24-11-2025
E10237,L004,11-07-2024,Desk-21,Hybrid,5th Floor,TRUE,TRUE,TRUE,24-11-2025
E10238,L005,22-02-2021,Desk-27,Hybrid,5th Floor,TRUE,TRUE,TRUE,24-11-2025
E10239,L003,09-02-2020,Desk-146,Hybrid,5th Floor,TRUE,TRUE,TRUE,24-11-2025
E10240,L002,03-08-2017,Desk-266,Hybrid,5th Floor,TRUE,TRUE,TRUE,24-11-2025
E10241,L002,17-11-2017,Desk-180,Hybrid,5th Floor,TRUE,TRUE,TRUE,24-11-2025
E10242,L004,11-01-2023,Desk-90,Hybrid,5th Floor,TRUE,TRUE,TRUE,24-11-2025
E10243,L003,17-12-2014,Desk-160,Hybrid,5th Floor,TRUE,TRUE,TRUE,24-11-2025
E10244,L005,09-01-2024,Desk-194,Hybrid,5th Floor,TRUE,TRUE,TRUE,24-11-2025
E10245,L001,26-11-2021,Desk-495,Hybrid,5th Floor,TRUE,TRUE,TRUE,24-11-2025
E10246,L005,04-12-2013,Desk-411,Hybrid,5th Floor,TRUE,TRUE,TRUE,24-11-2025
E10247,L001,16-08-2020,Desk-376,Hybrid,5th Floor,TRUE,TRUE,TRUE,24-11-2025
E10248,L002,16-01-2023,Desk-8,Hybrid,5th Floor,TRUE,TRUE,TRUE,24-11-2025
E10249,L002,17-09-2018,Desk-316,Hybrid,5th Floor,TRUE,TRUE,TRUE,24-11-2025
E10250,L001,26-08-2017,Desk-208,Hybrid,5th Floor,TRUE,TRUE,TRUE,24-11-2025
E10251,L005,08-05-2011,Desk-443,Hybrid,5th Floor,TRUE,TRUE,TRUE,24-11-2025
E10252,L001,29-02-2020,Desk-163,Hybrid,5th Floor,TRUE,TRUE,TRUE,24-11-2025
E10253,L003,07-07-2010,Desk-473,Hybrid,5th Floor,TRUE,TRUE,TRUE,24-11-2025
E10254,L005,09-04-2019,Desk-184,Hybrid,5th Floor,TRUE,TRUE,TRUE,24-11-2025
E10255,L005,01-04-2019,Desk-39,Hybrid,5th Floor,TRUE,TRUE,TRUE,24-11-2025
E10256,L001,27-07-2019,Desk-469,Hybrid,5th Floor,TRUE,TRUE,TRUE,24-11-2025
E10257,L001,15-03-2020,Desk-347,Hybrid,5th Floor,TRUE,TRUE,TRUE,24-11-2025
E10258,L002,02-04-2017,Desk-209,Hybrid,5th Floor,TRUE,TRUE,TRUE,24-11-2025
E10259,L001,13-10-2020,Desk-327,Hybrid,5th Floor,TRUE,TRUE,TRUE,24-11-2025
E10260,L001,15-11-2023,Desk-207,Hybrid,5th Floor,TRUE,TRUE,TRUE,24-11-2025
E10261,L004,13-03-2017,Desk-406,Hybrid,5th Floor,TRUE,TRUE,TRUE,24-11-2025
E10262,L002,02-04-2024,Desk-173,Hybrid,5th Floor,TRUE,TRUE,TRUE,24-11-2025
E10263,L002,15-02-2012,Desk-332,Hybrid,5th Floor,TRUE,TRUE,TRUE,24-11-2025
E10264,L005,14-11-2020,Desk-15,Hybrid,5th Floor,TRUE,TRUE,TRUE,24-11-2025
E10265,L003,18-07-2023,Desk-244,Hybrid,5th Floor,TRUE,TRUE,TRUE,24-11-2025
E10266,L005,03-10-2010,Desk-9,Hybrid,5th Floor,TRUE,TRUE,TRUE,24-11-2025
E10267,L005,07-04-2010,Desk-479,Hybrid,5th Floor,TRUE,TRUE,TRUE,24-11-2025
E10268,L002,07-04-2010,Desk-498,Hybrid,5th Floor,TRUE,TRUE,TRUE,24-11-2025
E10269,L002,30-10-2022,Desk-493,Hybrid,5th Floor,TRUE,TRUE,TRUE,24-11-2025
E10270,L003,24-05-2022,Desk-134,Hybrid,5th Floor,TRUE,TRUE,TRUE,24-11-2025
E10271,L001,09-10-2019,Desk-285,Hybrid,5th Floor,TRUE,TRUE,TRUE,24-11-2025
E10272,L001,13-04-2022,Desk-303,Hybrid,5th Floor,TRUE,TRUE,TRUE,24-11-2025
E10273,L001,29-09-2020,Desk-34,Hybrid,5th Floor,TRUE,TRUE,TRUE,24-11-2025
E10274,L002,16-05-2010,Desk-146,Hybrid,5th Floor,TRUE,TRUE,TRUE,24-11-2025
E10275,L003,17-05-2018,Desk-296,Hybrid,5th Floor,TRUE,TRUE,TRUE,24-11-2025
E10276,L001,12-12-2018,Desk-317,Hybrid,5th Floor,TRUE,TRUE,TRUE,24-11-2025
E10277,L005,01-04-2010,Desk-119,Hybrid,5th Floor,TRUE,TRUE,TRUE,24-11-2025
E10278,L004,03-02-2016,Desk-430,Hybrid,5th Floor,TRUE,TRUE,TRUE,24-11-2025
E10279,L005,27-03-2016,Desk-449,Hybrid,5th Floor,TRUE,TRUE,TRUE,24-11-2025
E10280,L005,24-12-2018,Desk-325,Hybrid,5th Floor,TRUE,TRUE,TRUE,24-11-2025
E10281,L005,22-03-2014,Desk-84,Hybrid,5th Floor,TRUE,TRUE,TRUE,24-11-2025
E10282,L003,13-11-2021,Desk-160,Hybrid,5th Floor,TRUE,TRUE,TRUE,24-11-2025
E10283,L001,05-02-2011,Desk-129,Hybrid,5th Floor,TRUE,TRUE,TRUE,24-11-2025
E10284,L002,25-01-2020,Desk-277,Hybrid,5th Floor,TRUE,TRUE,TRUE,24-11-2025
E10285,L003,06-11-2015,Desk-324,Hybrid,5th Floor,TRUE,TRUE,TRUE,24-11-2025
E10286,L001,21-11-2019,Desk-273,Hybrid,5th Floor,TRUE,TRUE,TRUE,24-11-2025
E10287,L005,25-04-2020,Desk-395,Hybrid,5th Floor,TRUE,TRUE,TRUE,24-11-2025
E10288,L002,22-02-2012,Desk-138,Hybrid,5th Floor,TRUE,TRUE,TRUE,24-11-2025
E10289,L005,22-02-2019,Desk-271,Hybrid,5th Floor,TRUE,TRUE,TRUE,24-11-2025
E10290,L003,06-02-2015,Desk-3,Hybrid,5th Floor,TRUE,TRUE,TRUE,24-11-2025
E10291,L001,24-04-2022,Desk-2,Hybrid,5th Floor,TRUE,TRUE,TRUE,24-11-2025
E10292,L001,26-08-2013,Desk-454,Hybrid,5th Floor,TRUE,TRUE,TRUE,24-11-2025
E10293,L005,29-07-2010,Desk-6,Hybrid,5th Floor,TRUE,TRUE,TRUE,24-11-2025
E10294,L001,13-10-2022,Desk-2,Hybrid,5th Floor,TRUE,TRUE,TRUE,24-11-2025
E10295,L005,29-05-2022,Desk-243,Hybrid,5th Floor,TRUE,TRUE,TRUE,24-11-2025
E10296,L002,28-12-2011,Desk-341,Hybrid,5th Floor,TRUE,TRUE,TRUE,24-11-2025
E10297,L001,28-11-2023,Desk-295,Hybrid,5th Floor,TRUE,TRUE,TRUE,24-11-2025
E10298,L001,05-10-2018,Desk-222,Hybrid,5th Floor,TRUE,TRUE,TRUE,24-11-2025
E10299,L002,09-09-2012,Desk-487,Hybrid,5th Floor,TRUE,TRUE,TRUE,24-11-2025
E10300,L001,01-11-2012,Desk-408,Hybrid,5th Floor,TRUE,TRUE,TRUE,24-11-2025
E10301,L005,25-02-2013,Desk-75,Hybrid,5th Floor,TRUE,TRUE,TRUE,24-11-2025
E10302,L001,13-04-2019,Desk-483,Hybrid,5th Floor,TRUE,TRUE,TRUE,24-11-2025
E10303,L002,27-01-2021,Desk-160,Hybrid,5th Floor,TRUE,TRUE,TRUE,24-11-2025
E10304,L003,31-08-2019,Desk-167,Hybrid,5th Floor,TRUE,TRUE,TRUE,24-11-2025
E10305,L005,15-01-2010,Desk-25,Hybrid,5th Floor,TRUE,TRUE,TRUE,24-11-2025
E10306,L005,13-04-2021,Desk-8,Hybrid,5th Floor,TRUE,TRUE,TRUE,24-11-2025
E10307,L004,18-05-2021,Desk-315,Hybrid,5th Floor,TRUE,TRUE,TRUE,24-11-2025
E10308,L001,20-03-2018,Desk-132,Hybrid,5th Floor,TRUE,TRUE,TRUE,24-11-2025
E10309,L005,15-04-2013,Desk-370,Hybrid,5th Floor,TRUE,TRUE,TRUE,24-11-2025
E10310,L002,02-03-2024,Desk-198,Hybrid,5th Floor,TRUE,TRUE,TRUE,24-11-2025
E10311,L003,12-05-2012,Desk-136,Hybrid,5th Floor,TRUE,TRUE,TRUE,24-11-2025
E10312,L002,07-10-2015,Desk-296,Hybrid,5th Floor,TRUE,TRUE,TRUE,24-11-2025
E10313,L001,16-03-2018,Desk-160,Hybrid,5th Floor,TRUE,TRUE,TRUE,24-11-2025
E10314,L003,12-09-2020,Desk-187,Hybrid,5th Floor,TRUE,TRUE,TRUE,24-11-2025
E10315,L001,23-05-2021,Desk-124,Hybrid,5th Floor,TRUE,TRUE,TRUE,24-11-2025
E10316,L003,14-08-2011,Desk-134,Hybrid,5th Floor,TRUE,TRUE,TRUE,24-11-2025
E10317,L004,15-03-2019,Desk-139,Hybrid,5th Floor,TRUE,TRUE,TRUE,24-11-2025
E10318,L001,13-11-2010,Desk-32,Hybrid,5th Floor,TRUE,TRUE,TRUE,24-11-2025
E10319,L004,25-06-2011,Desk-57,Hybrid,5th Floor,TRUE,TRUE,TRUE,24-11-2025
E10320,L001,17-04-2021,Desk-149,Hybrid,5th Floor,TRUE,TRUE,TRUE,24-11-2025
E10321,L003,18-11-2014,Desk-277,Hybrid,5th Floor,TRUE,TRUE,TRUE,24-11-2025
E10322,L003,05-07-2013,Desk-247,Hybrid,5th Floor,TRUE,TRUE,TRUE,24-11-2025
E10323,L003,25-07-2019,Desk-305,Hybrid,5th Floor,TRUE,TRUE,TRUE,24-11-2025
E10324,L002,03-07-2017,Desk-274,Hybrid,5th Floor,TRUE,TRUE,TRUE,24-11-2025
E10325,L002,03-08-2013,Desk-242,Hybrid,5th Floor,TRUE,TRUE,TRUE,24-11-2025
E10326,L001,29-11-2023,Desk-23,Hybrid,5th Floor,TRUE,TRUE,TRUE,24-11-2025
E10327,L001,13-07-2010,Desk-206,Hybrid,5th Floor,TRUE,TRUE,TRUE,24-11-2025
E10328,L003,20-01-2014,Desk-223,Hybrid,5th Floor,TRUE,TRUE,TRUE,24-11-2025
E10329,L005,15-01-2016,Desk-179,Hybrid,5th Floor,TRUE,TRUE,TRUE,24-11-2025
E10330,L003,29-09-2016,Desk-169,Hybrid,5th Floor,TRUE,TRUE,TRUE,24-11-2025
E10331,L003,12-03-2021,Desk-399,Hybrid,5th Floor,TRUE,TRUE,TRUE,24-11-2025
E10332,L005,14-01-2022,Desk-342,Hybrid,5th Floor,TRUE,TRUE,TRUE,24-11-2025
E10333,L001,22-09-2024,Desk-86,Hybrid,5th Floor,TRUE,TRUE,TRUE,24-11-2025
E10334,L001,30-10-2011,Desk-497,Hybrid,5th Floor,TRUE,TRUE,TRUE,24-11-2025
E10335,L002,24-12-2024,Desk-282,Hybrid,5th Floor,TRUE,TRUE,TRUE,24-11-2025
E10336,L004,04-11-2024,Desk-345,Hybrid,5th Floor,TRUE,TRUE,TRUE,24-11-2025
E10337,L001,19-05-2010,Desk-166,Hybrid,5th Floor,TRUE,TRUE,TRUE,24-11-2025
E10338,L003,10-06-2022,Desk-89,Hybrid,5th Floor,TRUE,TRUE,TRUE,24-11-2025
E10339,L001,29-08-2013,Desk-238,Hybrid,5th Floor,TRUE,TRUE,TRUE,24-11-2025
E10340,L005,20-07-2011,Desk-84,Hybrid,5th Floor,TRUE,TRUE,TRUE,24-11-2025
E10341,L002,29-07-2024,Desk-244,Hybrid,5th Floor,TRUE,TRUE,TRUE,24-11-2025
E10342,L001,14-02-2014,Desk-287,Hybrid,5th Floor,TRUE,TRUE,TRUE,24-11-2025
E10343,L002,21-07-2020,Desk-456,Hybrid,5th Floor,TRUE,TRUE,TRUE,24-11-2025
E10344,L003,04-05-2023,Desk-113,Hybrid,5th Floor,TRUE,TRUE,TRUE,24-11-2025
E10345,L005,26-01-2019,Desk-78,Hybrid,5th Floor,TRUE,TRUE,TRUE,24-11-2025
E10346,L002,13-12-2020,Desk-393,Hybrid,5th Floor,TRUE,TRUE,TRUE,24-11-2025
E10347,L002,06-04-2016,Desk-171,Hybrid,5th Floor,TRUE,TRUE,TRUE,24-11-2025
E10348,L002,10-03-2012,Desk-242,Hybrid,5th Floor,TRUE,TRUE,TRUE,24-11-2025
E10349,L001,14-07-2016,Desk-388,Hybrid,5th Floor,TRUE,TRUE,TRUE,24-11-2025
E10350,L005,27-06-2010,Desk-38,Hybrid,5th Floor,TRUE,TRUE,TRUE,24-11-2025
E10351,L002,19-10-2019,Desk-397,Hybrid,5th Floor,TRUE,TRUE,TRUE,24-11-2025
E10352,L005,16-01-2025,Desk-406,Hybrid,5th Floor,TRUE,TRUE,TRUE,24-11-2025
E10353,L004,17-09-2017,Desk-180,Hybrid,5th Floor,TRUE,TRUE,TRUE,24-11-2025
E10354,L005,02-06-2010,Desk-104,Hybrid,5th Floor,TRUE,TRUE,TRUE,24-11-2025
E10355,L005,28-04-2023,Desk-39,Hybrid,5th Floor,TRUE,TRUE,TRUE,24-11-2025
E10356,L002,23-02-2019,Desk-164,Hybrid,5th Floor,TRUE,TRUE,TRUE,24-11-2025
E10357,L003,01-01-2018,Desk-3,Hybrid,5th Floor,TRUE,TRUE,TRUE,24-11-2025
E10358,L004,17-08-2023,Desk-313,Hybrid,5th Floor,TRUE,TRUE,TRUE,24-11-2025
E10359,L003,26-09-2023,Desk-135,Hybrid,5th Floor,TRUE,TRUE,TRUE,24-11-2025
E10360,L002,28-02-2020,Desk-337,Hybrid,5th Floor,TRUE,TRUE,TRUE,24-11-2025
E10361,L001,12-01-2010,Desk-351,Hybrid,5th Floor,TRUE,TRUE,TRUE,24-11-2025
E10362,L004,15-10-2019,Desk-493,Hybrid,5th Floor,TRUE,TRUE,TRUE,24-11-2025
E10363,L004,02-02-2015,Desk-279,Hybrid,5th Floor,TRUE,TRUE,TRUE,24-11-2025
E10364,L001,12-03-2021,Desk-35,Hybrid,5th Floor,TRUE,TRUE,TRUE,24-11-2025
E10365,L004,01-12-2023,Desk-226,Hybrid,5th Floor,TRUE,TRUE,TRUE,24-11-2025
E10366,L003,18-02-2018,Desk-114,Hybrid,5th Floor,TRUE,TRUE,TRUE,24-11-2025
E10367,L005,10-02-2023,Desk-298,Hybrid,5th Floor,TRUE,TRUE,TRUE,24-11-2025
E10368,L005,10-02-2024,Desk-104,Hybrid,5th Floor,TRUE,TRUE,TRUE,24-11-2025
E10369,L004,10-07-2019,Desk-46,Hybrid,5th Floor,TRUE,TRUE,TRUE,24-11-2025
E10370,L002,28-10-2024,Desk-452,Hybrid,5th Floor,TRUE,TRUE,TRUE,24-11-2025
E10371,L002,05-12-2017,Desk-67,Hybrid,5th Floor,TRUE,TRUE,TRUE,24-11-2025
E10372,L001,07-11-2021,Desk-63,Hybrid,5th Floor,TRUE,TRUE,TRUE,24-11-2025
E10373,L002,16-04-2013,Desk-3,Hybrid,5th Floor,TRUE,TRUE,TRUE,24-11-2025
E10374,L005,05-11-2012,Desk-298,Hybrid,5th Floor,TRUE,TRUE,TRUE,24-11-2025
E10375,L002,20-10-2011,Desk-29,Hybrid,5th Floor,TRUE,TRUE,TRUE,24-11-2025
E10376,L001,01-03-2024,Desk-408,Hybrid,5th Floor,TRUE,TRUE,TRUE,24-11-2025
E10377,L002,28-03-2019,Desk-104,Hybrid,5th Floor,TRUE,TRUE,TRUE,24-11-2025
E10378,L003,17-08-2023,Desk-12,Hybrid,5th Floor,TRUE,TRUE,TRUE,24-11-2025
E10379,L004,29-11-2017,Desk-131,Hybrid,5th Floor,TRUE,TRUE,TRUE,24-11-2025
E10380,L003,12-07-2023,Desk-363,Hybrid,5th Floor,TRUE,TRUE,TRUE,24-11-2025
E10381,L001,25-06-2011,Desk-367,Hybrid,5th Floor,TRUE,TRUE,TRUE,24-11-2025
E10382,L002,10-11-2019,Desk-312,Hybrid,5th Floor,TRUE,TRUE,TRUE,24-11-2025
E10383,L002,09-12-2011,Desk-165,Hybrid,5th Floor,TRUE,TRUE,TRUE,24-11-2025
E10384,L005,22-03-2020,Desk-75,Hybrid,5th Floor,TRUE,TRUE,TRUE,24-11-2025
E10385,L003,03-03-2023,Desk-494,Hybrid,5th Floor,TRUE,TRUE,TRUE,24-11-2025
E10386,L004,22-06-2012,Desk-328,Hybrid,5th Floor,TRUE,TRUE,TRUE,24-11-2025
E10387,L005,22-01-2016,Desk-2,Hybrid,5th Floor,TRUE,TRUE,TRUE,24-11-2025
E10388,L004,07-10-2014,Desk-498,Hybrid,5th Floor,TRUE,TRUE,TRUE,24-11-2025
E10389,L002,17-11-2018,Desk-286,Hybrid,5th Floor,TRUE,TRUE,TRUE,24-11-2025
E10390,L005,23-11-2012,Desk-206,Hybrid,5th Floor,TRUE,TRUE,TRUE,24-11-2025
E10391,L003,19-04-2014,Desk-41,Hybrid,5th Floor,TRUE,TRUE,TRUE,24-11-2025
E10392,L002,18-02-2011,Desk-418,Hybrid,5th Floor,TRUE,TRUE,TRUE,24-11-2025
E10393,L002,24-07-2019,Desk-403,Hybrid,5th Floor,TRUE,TRUE,TRUE,24-11-2025
E10394,L001,22-01-2025,Desk-400,Hybrid,5th Floor,TRUE,TRUE,TRUE,24-11-2025
E10395,L004,02-07-2023,Desk-325,Hybrid,5th Floor,TRUE,TRUE,TRUE,24-11-2025
E10396,L005,03-07-2018,Desk-164,Hybrid,5th Floor,TRUE,TRUE,TRUE,24-11-2025
E10397,L005,24-06-2022,Desk-78,Hybrid,5th Floor,TRUE,TRUE,TRUE,24-11-2025
E10398,L005,15-08-2017,Desk-163,Hybrid,5th Floor,TRUE,TRUE,TRUE,24-11-2025
E10399,L002,19-04-2020,Desk-230,Hybrid,5th Floor,TRUE,TRUE,TRUE,24-11-2025
E10400,L004,06-04-2021,Desk-271,Hybrid,5th Floor,TRUE,TRUE,TRUE,24-11-2025
E10401,L003,10-03-2015,Desk-159,Hybrid,5th Floor,TRUE,TRUE,TRUE,24-11-2025
E10402,L003,16-08-2019,Desk-207,Hybrid,5th Floor,TRUE,TRUE,TRUE,24-11-2025
E10403,L004,30-11-2019,Desk-177,Hybrid,5th Floor,TRUE,TRUE,TRUE,24-11-2025
E10404,L005,23-03-2022,Desk-39,Hybrid,5th Floor,TRUE,TRUE,TRUE,24-11-2025
E10405,L001,26-02-2018,Desk-456,Hybrid,5th Floor,TRUE,TRUE,TRUE,24-11-2025
E10406,L002,31-01-2017,Desk-434,Hybrid,5th Floor,TRUE,TRUE,TRUE,24-11-2025
E10407,L003,01-01-2021,Desk-402,Hybrid,5th Floor,TRUE,TRUE,TRUE,24-11-2025
E10408,L002,13-08-2012,Desk-59,Hybrid,5th Floor,TRUE,TRUE,TRUE,24-11-2025
E10409,L003,10-11-2016,Desk-446,Hybrid,5th Floor,TRUE,TRUE,TRUE,24-11-2025
E10410,L001,16-05-2017,Desk-339,Hybrid,5th Floor,TRUE,TRUE,TRUE,24-11-2025
E10411,L002,27-11-2017,Desk-391,Hybrid,5th Floor,TRUE,TRUE,TRUE,24-11-2025
E10412,L003,03-01-2014,Desk-2,Hybrid,5th Floor,TRUE,TRUE,TRUE,24-11-2025
E10413,L003,04-04-2013,Desk-177,Hybrid,5th Floor,TRUE,TRUE,TRUE,24-11-2025
E10414,L005,15-04-2012,Desk-88,Hybrid,5th Floor,TRUE,TRUE,TRUE,24-11-2025
E10415,L002,03-10-2023,Desk-201,Hybrid,5th Floor,TRUE,TRUE,TRUE,24-11-2025
E10416,L001,14-07-2011,Desk-195,Hybrid,5th Floor,TRUE,TRUE,TRUE,24-11-2025
E10417,L005,13-02-2024,Desk-461,Hybrid,5th Floor,TRUE,TRUE,TRUE,24-11-2025
E10418,L003,20-02-2013,Desk-270,Hybrid,5th Floor,TRUE,TRUE,TRUE,24-11-2025
E10419,L002,31-05-2024,Desk-319,Hybrid,5th Floor,TRUE,TRUE,TRUE,24-11-2025
E10420,L002,04-06-2016,Desk-73,Hybrid,5th Floor,TRUE,TRUE,TRUE,24-11-2025
E10421,L003,16-12-2014,Desk-200,Hybrid,5th Floor,TRUE,TRUE,TRUE,24-11-2025
E10422,L002,11-08-2010,Desk-108,Hybrid,5th Floor,TRUE,TRUE,TRUE,24-11-2025
E10423,L003,11-08-2014,Desk-405,Hybrid,5th Floor,TRUE,TRUE,TRUE,24-11-2025
E10424,L004,01-12-2020,Desk-234,Hybrid,5th Floor,TRUE,TRUE,TRUE,24-11-2025
E10425,L003,22-10-2019,Desk-101,Hybrid,5th Floor,TRUE,TRUE,TRUE,24-11-2025
E10426,L001,09-02-2017,Desk-484,Hybrid,5th Floor,TRUE,TRUE,TRUE,24-11-2025
E10427,L002,21-12-2024,Desk-485,Hybrid,5th Floor,TRUE,TRUE,TRUE,24-11-2025
E10428,L005,24-11-2016,Desk-225,Hybrid,5th Floor,TRUE,TRUE,TRUE,24-11-2025
E10429,L004,28-01-2011,Desk-20,Hybrid,5th Floor,TRUE,TRUE,TRUE,24-11-2025
E10430,L002,17-04-2020,Desk-134,Hybrid,5th Floor,TRUE,TRUE,TRUE,24-11-2025
E10431,L001,13-05-2017,Desk-138,Hybrid,5th Floor,TRUE,TRUE,TRUE,24-11-2025
E10432,L003,18-12-2020,Desk-356,Hybrid,5th Floor,TRUE,TRUE,TRUE,24-11-2025
E10433,L004,01-07-2024,Desk-17,Hybrid,5th Floor,TRUE,TRUE,TRUE,24-11-2025
E10434,L001,31-10-2013,Desk-312,Hybrid,5th Floor,TRUE,TRUE,TRUE,24-11-2025
E10435,L003,27-06-2021,Desk-88,Hybrid,5th Floor,TRUE,TRUE,TRUE,24-11-2025
E10436,L001,09-01-2018,Desk-437,Hybrid,5th Floor,TRUE,TRUE,TRUE,24-11-2025
E10437,L004,12-08-2024,Desk-353,Hybrid,5th Floor,TRUE,TRUE,TRUE,24-11-2025
E10438,L005,16-02-2010,Desk-200,Hybrid,5th Floor,TRUE,TRUE,TRUE,24-11-2025
E10439,L003,01-11-2018,Desk-477,Hybrid,5th Floor,TRUE,TRUE,TRUE,24-11-2025
E10440,L002,18-01-2025,Desk-199,Hybrid,5th Floor,TRUE,TRUE,TRUE,24-11-2025
E10441,L002,15-04-2013,Desk-94,Hybrid,5th Floor,TRUE,TRUE,TRUE,24-11-2025
E10442,L001,28-04-2018,Desk-32,Hybrid,5th Floor,TRUE,TRUE,TRUE,24-11-2025
E10443,L001,09-05-2024,Desk-40,Hybrid,5th Floor,TRUE,TRUE,TRUE,24-11-2025
E10444,L002,21-02-2023,Desk-100,Hybrid,5th Floor,TRUE,TRUE,TRUE,24-11-2025
E10445,L005,04-01-2014,Desk-414,Hybrid,5th Floor,TRUE,TRUE,TRUE,24-11-2025
E10446,L001,14-11-2010,Desk-489,Hybrid,5th Floor,TRUE,TRUE,TRUE,24-11-2025
E10447,L001,27-06-2015,Desk-170,Hybrid,5th Floor,TRUE,TRUE,TRUE,24-11-2025
E10448,L001,24-08-2020,Desk-340,Hybrid,5th Floor,TRUE,TRUE,TRUE,24-11-2025
E10449,L002,19-01-2020,Desk-320,Hybrid,5th Floor,TRUE,TRUE,TRUE,24-11-2025
E10450,L003,24-12-2024,Desk-456,Hybrid,5th Floor,TRUE,TRUE,TRUE,24-11-2025
E10451,L002,15-05-2015,Desk-20,Hybrid,5th Floor,TRUE,TRUE,TRUE,24-11-2025
E10452,L004,23-11-2023,Desk-248,Hybrid,5th Floor,TRUE,TRUE,TRUE,24-11-2025
E10453,L002,13-08-2022,Desk-129,Hybrid,5th Floor,TRUE,TRUE,TRUE,24-11-2025
E10454,L003,05-07-2017,Desk-186,Hybrid,5th Floor,TRUE,TRUE,TRUE,24-11-2025
E10455,L002,12-02-2011,Desk-282,Hybrid,5th Floor,TRUE,TRUE,TRUE,24-11-2025
E10456,L003,30-12-2023,Desk-170,Hybrid,5th Floor,TRUE,TRUE,TRUE,24-11-2025
E10457,L004,10-01-2023,Desk-155,Hybrid,5th Floor,TRUE,TRUE,TRUE,24-11-2025
E10458,L005,01-09-2023,Desk-167,Hybrid,5th Floor,TRUE,TRUE,TRUE,24-11-2025
E10459,L001,05-01-2016,Desk-130,Hybrid,5th Floor,TRUE,TRUE,TRUE,24-11-2025
E10460,L005,04-01-2022,Desk-175,Hybrid,5th Floor,TRUE,TRUE,TRUE,24-11-2025
E10461,L004,27-02-2011,Desk-492,Hybrid,5th Floor,TRUE,TRUE,TRUE,24-11-2025
E10462,L001,27-10-2011,Desk-340,Hybrid,5th Floor,TRUE,TRUE,TRUE,24-11-2025
E10463,L001,12-06-2011,Desk-336,Hybrid,5th Floor,TRUE,TRUE,TRUE,24-11-2025
E10464,L003,07-08-2018,Desk-139,Hybrid,5th Floor,TRUE,TRUE,TRUE,24-11-2025
E10465,L004,29-09-2024,Desk-277,Hybrid,5th Floor,TRUE,TRUE,TRUE,24-11-2025
E10466,L001,30-07-2014,Desk-352,Hybrid,5th Floor,TRUE,TRUE,TRUE,24-11-2025
E10467,L003,25-02-2019,Desk-329,Hybrid,5th Floor,TRUE,TRUE,TRUE,24-11-2025
E10468,L005,04-05-2019,Desk-263,Hybrid,5th Floor,TRUE,TRUE,TRUE,24-11-2025
E10469,L001,22-10-2015,Desk-61,Hybrid,5th Floor,TRUE,TRUE,TRUE,24-11-2025
E10470,L004,18-06-2022,Desk-285,Hybrid,5th Floor,TRUE,TRUE,TRUE,24-11-2025
E10471,L004,28-12-2022,Desk-377,Hybrid,5th Floor,TRUE,TRUE,TRUE,24-11-2025
E10472,L005,07-04-2010,Desk-164,Hybrid,5th Floor,TRUE,TRUE,TRUE,24-11-2025
E10473,L002,05-08-2020,Desk-340,Hybrid,5th Floor,TRUE,TRUE,TRUE,24-11-2025
E10474,L002,17-10-2013,Desk-71,Hybrid,5th Floor,TRUE,TRUE,TRUE,24-11-2025
E10475,L004,02-04-2010,Desk-137,Hybrid,5th Floor,TRUE,TRUE,TRUE,24-11-2025
E10476,L002,02-07-2013,Desk-375,Hybrid,5th Floor,TRUE,TRUE,TRUE,24-11-2025
E10477,L001,23-11-2019,Desk-359,Hybrid,5th Floor,TRUE,TRUE,TRUE,24-11-2025
E10478,L002,09-03-2022,Desk-84,Hybrid,5th Floor,TRUE,TRUE,TRUE,24-11-2025
E10479,L005,20-03-2018,Desk-84,Hybrid,5th Floor,TRUE,TRUE,TRUE,24-11-2025
E10480,L004,10-06-2021,Desk-220,Hybrid,5th Floor,TRUE,TRUE,TRUE,24-11-2025
E10481,L001,12-11-2012,Desk-498,Hybrid,5th Floor,TRUE,TRUE,TRUE,24-11-2025
E10482,L001,19-11-2020,Desk-236,Hybrid,5th Floor,TRUE,TRUE,TRUE,24-11-2025
E10483,L004,24-05-2016,Desk-404,Hybrid,5th Floor,TRUE,TRUE,TRUE,24-11-2025
E10484,L003,30-12-2011,Desk-57,Hybrid,5th Floor,TRUE,TRUE,TRUE,24-11-2025
E10485,L005,27-04-2022,Desk-75,Hybrid,5th Floor,TRUE,TRUE,TRUE,24-11-2025
E10486,L004,12-04-2022,Desk-223,Hybrid,5th Floor,TRUE,TRUE,TRUE,24-11-2025
E10487,L005,31-01-2013,Desk-386,Hybrid,5th Floor,TRUE,TRUE,TRUE,24-11-2025
E10488,L004,18-01-2019,Desk-15,Hybrid,5th Floor,TRUE,TRUE,TRUE,24-11-2025
E10489,L003,11-04-2024,Desk-482,Hybrid,5th Floor,TRUE,TRUE,TRUE,24-11-2025
E10490,L004,19-05-2011,Desk-116,Hybrid,5th Floor,TRUE,TRUE,TRUE,24-11-2025
E10491,L001,10-10-2023,Desk-214,Hybrid,5th Floor,TRUE,TRUE,TRUE,24-11-2025
E10492,L002,15-11-2017,Desk-440,Hybrid,5th Floor,TRUE,TRUE,TRUE,24-11-2025
E10493,L001,27-07-2024,Desk-307,Hybrid,5th Floor,TRUE,TRUE,TRUE,24-11-2025
E10494,L005,30-06-2020,Desk-339,Hybrid,5th Floor,TRUE,TRUE,TRUE,24-11-2025
E10495,L004,11-06-2020,Desk-77,Hybrid,5th Floor,TRUE,TRUE,TRUE,24-11-2025
E10496,L004,14-06-2020,Desk-340,Hybrid,5th Floor,TRUE,TRUE,TRUE,24-11-2025
E10497,L004,19-02-2020,Desk-47,Hybrid,5th Floor,TRUE,TRUE,TRUE,24-11-2025
E10498,L002,18-11-2014,Desk-229,Hybrid,5th Floor,TRUE,TRUE,TRUE,24-11-2025
E10499,L005,28-08-2020,Desk-124,Hybrid,5th Floor,TRUE,TRUE,TRUE,24-11-2025
E10500,L003,18-10-2019,Desk-463,Hybrid,5th Floor,TRUE,TRUE,TRUE,24-11-2025
E10501,L004,01-05-2019,Desk-49,Hybrid,5th Floor,TRUE,TRUE,TRUE,24-11-2025
E10502,L005,06-01-2019,Desk-496,Hybrid,5th Floor,TRUE,TRUE,TRUE,24-11-2025
E10503,L002,27-08-2017,Desk-487,Hybrid,5th Floor,TRUE,TRUE,TRUE,24-11-2025
E10504,L001,04-01-2024,Desk-368,Hybrid,5th Floor,TRUE,TRUE,TRUE,24-11-2025
E10505,L002,12-05-2024,Desk-302,Hybrid,5th Floor,TRUE,TRUE,TRUE,24-11-2025
E10506,L001,10-02-2010,Desk-455,Hybrid,5th Floor,TRUE,TRUE,TRUE,24-11-2025
E10507,L004,22-02-2015,Desk-439,Hybrid,5th Floor,TRUE,TRUE,TRUE,24-11-2025
E10508,L004,03-05-2012,Desk-69,Hybrid,5th Floor,TRUE,TRUE,TRUE,24-11-2025
E10509,L002,21-01-2021,Desk-95,Hybrid,5th Floor,TRUE,TRUE,TRUE,24-11-2025
E10510,L005,11-05-2021,Desk-347,Hybrid,5th Floor,TRUE,TRUE,TRUE,24-11-2025
E10511,L003,24-10-2016,Desk-350,Hybrid,5th Floor,TRUE,TRUE,TRUE,24-11-2025
E10512,L004,20-10-2019,Desk-357,Hybrid,5th Floor,TRUE,TRUE,TRUE,24-11-2025
E10513,L005,16-10-2021,Desk-44,Hybrid,5th Floor,TRUE,TRUE,TRUE,24-11-2025
E10514,L003,27-05-2022,Desk-174,Hybrid,5th Floor,TRUE,TRUE,TRUE,24-11-2025
E10515,L001,29-01-2013,Desk-437,Hybrid,5th Floor,TRUE,TRUE,TRUE,24-11-2025
E10516,L001,09-10-2024,Desk-116,Hybrid,5th Floor,TRUE,TRUE,TRUE,24-11-2025
E10517,L002,02-06-2014,Desk-280,Hybrid,5th Floor,TRUE,TRUE,TRUE,24-11-2025
E10518,L001,13-01-2012,Desk-121,Hybrid,5th Floor,TRUE,TRUE,TRUE,24-11-2025
E10519,L002,10-07-2012,Desk-25,Hybrid,5th Floor,TRUE,TRUE,TRUE,24-11-2025
E10520,L002,19-12-2012,Desk-264,Hybrid,5th Floor,TRUE,TRUE,TRUE,24-11-2025
E10521,L001,15-09-2023,Desk-353,Hybrid,5th Floor,TRUE,TRUE,TRUE,24-11-2025
E10522,L005,10-10-2012,Desk-410,Hybrid,5th Floor,TRUE,TRUE,TRUE,24-11-2025
E10523,L004,22-01-2021,Desk-429,Hybrid,5th Floor,TRUE,TRUE,TRUE,24-11-2025
E10524,L001,26-02-2019,Desk-158,Hybrid,5th Floor,TRUE,TRUE,TRUE,24-11-2025
E10525,L003,06-03-2024,Desk-435,Hybrid,5th Floor,TRUE,TRUE,TRUE,24-11-2025
E10526,L002,15-03-2014,Desk-483,Hybrid,5th Floor,TRUE,TRUE,TRUE,24-11-2025
E10527,L001,24-09-2015,Desk-118,Hybrid,5th Floor,TRUE,TRUE,TRUE,24-11-2025
E10528,L001,05-08-2011,Desk-45,Hybrid,5th Floor,TRUE,TRUE,TRUE,24-11-2025
E10529,L004,02-03-2020,Desk-391,Hybrid,5th Floor,TRUE,TRUE,TRUE,24-11-2025
E10530,L002,02-02-2017,Desk-269,Hybrid,5th Floor,TRUE,TRUE,TRUE,24-11-2025
E10531,L002,28-12-2022,Desk-15,Hybrid,5th Floor,TRUE,TRUE,TRUE,24-11-2025
E10532,L002,08-03-2013,Desk-473,Hybrid,5th Floor,TRUE,TRUE,TRUE,24-11-2025
E10533,L002,01-12-2022,Desk-484,Hybrid,5th Floor,TRUE,TRUE,TRUE,24-11-2025
E10534,L002,12-06-2011,Desk-34,Hybrid,5th Floor,TRUE,TRUE,TRUE,24-11-2025
E10535,L003,31-10-2017,Desk-1,Hybrid,5th Floor,TRUE,TRUE,TRUE,24-11-2025
E10536,L002,25-02-2010,Desk-422,Hybrid,5th Floor,TRUE,TRUE,TRUE,24-11-2025
E10537,L003,03-08-2021,Desk-442,Hybrid,5th Floor,TRUE,TRUE,TRUE,24-11-2025
E10538,L005,01-03-2022,Desk-175,Hybrid,5th Floor,TRUE,TRUE,TRUE,24-11-2025
E10539,L005,19-10-2021,Desk-67,Hybrid,5th Floor,TRUE,TRUE,TRUE,24-11-2025
E10540,L005,01-11-2014,Desk-361,Hybrid,5th Floor,TRUE,TRUE,TRUE,24-11-2025
E10541,L003,31-07-2010,Desk-275,Hybrid,5th Floor,TRUE,TRUE,TRUE,24-11-2025
E10542,L003,25-04-2021,Desk-55,Hybrid,5th Floor,TRUE,TRUE,TRUE,24-11-2025
E10543,L005,29-07-2013,Desk-242,Hybrid,5th Floor,TRUE,TRUE,TRUE,24-11-2025
E10544,L001,15-10-2022,Desk-129,Hybrid,5th Floor,TRUE,TRUE,TRUE,24-11-2025
E10545,L004,23-04-2015,Desk-372,Hybrid,5th Floor,TRUE,TRUE,TRUE,24-11-2025
E10546,L002,05-01-2021,Desk-481,Hybrid,5th Floor,TRUE,TRUE,TRUE,24-11-2025
E10547,L004,27-09-2023,Desk-425,Hybrid,5th Floor,TRUE,TRUE,TRUE,24-11-2025
E10548,L002,15-04-2015,Desk-340,Hybrid,5th Floor,TRUE,TRUE,TRUE,24-11-2025
E10549,L001,23-04-2016,Desk-21,Hybrid,5th Floor,TRUE,TRUE,TRUE,24-11-2025
E10550,L002,26-11-2011,Desk-73,Hybrid,5th Floor,TRUE,TRUE,TRUE,24-11-2025
E10551,L005,18-03-2018,Desk-181,Hybrid,5th Floor,TRUE,TRUE,TRUE,24-11-2025
E10552,L003,27-10-2022,Desk-48,Hybrid,5th Floor,TRUE,TRUE,TRUE,24-11-2025
E10553,L004,10-10-2024,Desk-188,Hybrid,5th Floor,TRUE,TRUE,TRUE,24-11-2025
E10554,L005,06-06-2010,Desk-480,Hybrid,5th Floor,TRUE,TRUE,TRUE,24-11-2025
E10555,L001,17-02-2023,Desk-402,Hybrid,5th Floor,TRUE,TRUE,TRUE,24-11-2025
E10556,L003,26-01-2020,Desk-163,Hybrid,5th Floor,TRUE,TRUE,TRUE,24-11-2025
E10557,L001,01-01-2020,Desk-129,Hybrid,5th Floor,TRUE,TRUE,TRUE,24-11-2025
E10558,L003,15-12-2010,Desk-467,Hybrid,5th Floor,TRUE,TRUE,TRUE,24-11-2025
E10559,L003,09-11-2018,Desk-365,Hybrid,5th Floor,TRUE,TRUE,TRUE,24-11-2025
E10560,L005,08-12-2016,Desk-469,Hybrid,5th Floor,TRUE,TRUE,TRUE,24-11-2025
E10561,L003,22-11-2013,Desk-217,Hybrid,5th Floor,TRUE,TRUE,TRUE,24-11-2025
E10562,L004,08-09-2018,Desk-46,Hybrid,5th Floor,TRUE,TRUE,TRUE,24-11-2025
E10563,L001,18-07-2010,Desk-178,Hybrid,5th Floor,TRUE,TRUE,TRUE,24-11-2025
E10564,L004,20-05-2018,Desk-403,Hybrid,5th Floor,TRUE,TRUE,TRUE,24-11-2025
E10565,L004,20-04-2012,Desk-63,Hybrid,5th Floor,TRUE,TRUE,TRUE,24-11-2025
E10566,L002,15-08-2016,Desk-298,Hybrid,5th Floor,TRUE,TRUE,TRUE,24-11-2025
E10567,L004,22-07-2022,Desk-12,Hybrid,5th Floor,TRUE,TRUE,TRUE,24-11-2025
E10568,L002,27-09-2017,Desk-73,Hybrid,5th Floor,TRUE,TRUE,TRUE,24-11-2025
E10569,L003,15-06-2024,Desk-155,Hybrid,5th Floor,TRUE,TRUE,TRUE,24-11-2025
E10570,L005,08-06-2012,Desk-339,Hybrid,5th Floor,TRUE,TRUE,TRUE,24-11-2025
E10571,L005,11-06-2013,Desk-109,Hybrid,5th Floor,TRUE,TRUE,TRUE,24-11-2025
E10572,L002,18-04-2011,Desk-106,Hybrid,5th Floor,TRUE,TRUE,TRUE,24-11-2025
E10573,L004,25-11-2013,Desk-98,Hybrid,5th Floor,TRUE,TRUE,TRUE,24-11-2025
E10574,L001,03-06-2018,Desk-445,Hybrid,5th Floor,TRUE,TRUE,TRUE,24-11-2025
E10575,L005,29-09-2022,Desk-243,Hybrid,5th Floor,TRUE,TRUE,TRUE,24-11-2025
E10576,L004,23-11-2012,Desk-400,Hybrid,5th Floor,TRUE,TRUE,TRUE,24-11-2025
E10577,L004,20-05-2011,Desk-173,Hybrid,5th Floor,TRUE,TRUE,TRUE,24-11-2025
E10578,L004,08-04-2020,Desk-18,Hybrid,5th Floor,TRUE,TRUE,TRUE,24-11-2025
E10579,L004,28-12-2018,Desk-239,Hybrid,5th Floor,TRUE,TRUE,TRUE,24-11-2025
E10580,L003,17-05-2024,Desk-26,Hybrid,5th Floor,TRUE,TRUE,TRUE,24-11-2025
E10581,L002,21-12-2020,Desk-225,Hybrid,5th Floor,TRUE,TRUE,TRUE,24-11-2025
E10582,L005,24-10-2023,Desk-32,Hybrid,5th Floor,TRUE,TRUE,TRUE,24-11-2025
E10583,L005,04-03-2018,Desk-425,Hybrid,5th Floor,TRUE,TRUE,TRUE,24-11-2025
E10584,L003,23-07-2018,Desk-447,Hybrid,5th Floor,TRUE,TRUE,TRUE,24-11-2025
E10585,L003,06-10-2024,Desk-304,Hybrid,5th Floor,TRUE,TRUE,TRUE,24-11-2025
E10586,L005,16-06-2024,Desk-216,Hybrid,5th Floor,TRUE,TRUE,TRUE,24-11-2025
E10587,L003,26-11-2017,Desk-193,Hybrid,5th Floor,TRUE,TRUE,TRUE,24-11-2025
E10588,L002,04-06-2017,Desk-36,Hybrid,5th Floor,TRUE,TRUE,TRUE,24-11-2025
E10589,L001,02-02-2022,Desk-380,Hybrid,5th Floor,TRUE,TRUE,TRUE,24-11-2025
E10590,L004,10-05-2022,Desk-457,Hybrid,5th Floor,TRUE,TRUE,TRUE,24-11-2025
E10591,L003,11-10-2010,Desk-482,Hybrid,5th Floor,TRUE,TRUE,TRUE,24-11-2025
E10592,L004,25-02-2011,Desk-75,Hybrid,5th Floor,TRUE,TRUE,TRUE,24-11-2025
E10593,L004,12-11-2015,Desk-325,Hybrid,5th Floor,TRUE,TRUE,TRUE,24-11-2025
E10594,L002,16-05-2014,Desk-345,Hybrid,5th Floor,TRUE,TRUE,TRUE,24-11-2025
E10595,L004,04-11-2022,Desk-73,Hybrid,5th Floor,TRUE,TRUE,TRUE,24-11-2025
E10596,L004,10-12-2014,Desk-487,Hybrid,5th Floor,TRUE,TRUE,TRUE,24-11-2025
E10597,L005,10-08-2021,Desk-123,Hybrid,5th Floor,TRUE,TRUE,TRUE,24-11-2025
E10598,L004,12-01-2024,Desk-237,Hybrid,5th Floor,TRUE,TRUE,TRUE,24-11-2025
E10599,L005,17-03-2019,Desk-21,Hybrid,5th Floor,TRUE,TRUE,TRUE,24-11-2025
E10600,L001,03-04-2011,Desk-137,Hybrid,5th Floor,TRUE,TRUE,TRUE,24-11-2025
E10601,L002,17-08-2014,Desk-96,Hybrid,5th Floor,TRUE,TRUE,TRUE,24-11-2025
E10602,L005,31-01-2010,Desk-105,Hybrid,5th Floor,TRUE,TRUE,TRUE,24-11-2025
E10603,L005,11-02-2010,Desk-75,Hybrid,5th Floor,TRUE,TRUE,TRUE,24-11-2025
E10604,L005,06-08-2019,Desk-274,Hybrid,5th Floor,TRUE,TRUE,TRUE,24-11-2025
E10605,L003,17-04-2010,Desk-259,Hybrid,5th Floor,TRUE,TRUE,TRUE,24-11-2025
E10606,L003,19-02-2013,Desk-325,Hybrid,5th Floor,TRUE,TRUE,TRUE,24-11-2025
E10607,L002,30-03-2013,Desk-458,Hybrid,5th Floor,TRUE,TRUE,TRUE,24-11-2025
E10608,L005,16-05-2010,Desk-85,Hybrid,5th Floor,TRUE,TRUE,TRUE,24-11-2025
E10609,L005,29-11-2022,Desk-245,Hybrid,5th Floor,TRUE,TRUE,TRUE,24-11-2025
E10610,L002,11-08-2015,Desk-367,Hybrid,5th Floor,TRUE,TRUE,TRUE,24-11-2025
E10611,L003,01-04-2016,Desk-127,Hybrid,5th Floor,TRUE,TRUE,TRUE,24-11-2025
E10612,L001,05-07-2018,Desk-371,Hybrid,5th Floor,TRUE,TRUE,TRUE,24-11-2025
E10613,L004,20-09-2014,Desk-132,Hybrid,5th Floor,TRUE,TRUE,TRUE,24-11-2025
E10614,L001,09-12-2018,Desk-22,Hybrid,5th Floor,TRUE,TRUE,TRUE,24-11-2025
E10615,L005,27-11-2018,Desk-458,Hybrid,5th Floor,TRUE,TRUE,TRUE,24-11-2025
E10616,L005,05-11-2020,Desk-19,Hybrid,5th Floor,TRUE,TRUE,TRUE,24-11-2025
E10617,L001,24-12-2014,Desk-475,Hybrid,5th Floor,TRUE,TRUE,TRUE,24-11-2025
E10618,L002,30-09-2021,Desk-345,Hybrid,5th Floor,TRUE,TRUE,TRUE,24-11-2025
E10619,L005,09-04-2019,Desk-168,Hybrid,5th Floor,TRUE,TRUE,TRUE,24-11-2025
E10620,L004,19-01-2013,Desk-267,Hybrid,5th Floor,TRUE,TRUE,TRUE,24-11-2025
E10621,L001,19-03-2015,Desk-160,Hybrid,5th Floor,TRUE,TRUE,TRUE,24-11-2025
E10622,L005,31-08-2024,Desk-121,Hybrid,5th Floor,TRUE,TRUE,TRUE,24-11-2025
E10623,L005,20-08-2012,Desk-27,Hybrid,5th Floor,TRUE,TRUE,TRUE,24-11-2025
E10624,L001,17-04-2017,Desk-76,Hybrid,5th Floor,TRUE,TRUE,TRUE,24-11-2025
E10625,L004,09-08-2017,Desk-96,Hybrid,5th Floor,TRUE,TRUE,TRUE,24-11-2025
E10626,L005,06-04-2017,Desk-150,Hybrid,5th Floor,TRUE,TRUE,TRUE,24-11-2025
E10627,L001,29-04-2011,Desk-478,Hybrid,5th Floor,TRUE,TRUE,TRUE,24-11-2025
E10628,L004,24-09-2017,Desk-35,Hybrid,5th Floor,TRUE,TRUE,TRUE,24-11-2025
E10629,L003,12-07-2024,Desk-213,Hybrid,5th Floor,TRUE,TRUE,TRUE,24-11-2025
E10630,L005,28-02-2012,Desk-276,Hybrid,5th Floor,TRUE,TRUE,TRUE,24-11-2025
E10631,L001,23-02-2022,Desk-250,Hybrid,5th Floor,TRUE,TRUE,TRUE,24-11-2025
E10632,L002,01-04-2020,Desk-286,Hybrid,5th Floor,TRUE,TRUE,TRUE,24-11-2025
E10633,L004,12-07-2015,Desk-199,Hybrid,5th Floor,TRUE,TRUE,TRUE,24-11-2025
E10634,L001,24-02-2022,Desk-493,Hybrid,5th Floor,TRUE,TRUE,TRUE,24-11-2025
E10635,L001,06-01-2017,Desk-67,Hybrid,5th Floor,TRUE,TRUE,TRUE,24-11-2025
E10636,L002,25-11-2016,Desk-370,Hybrid,5th Floor,TRUE,TRUE,TRUE,24-11-2025
E10637,L002,19-06-2014,Desk-485,Hybrid,5th Floor,TRUE,TRUE,TRUE,24-11-2025
E10638,L002,07-07-2020,Desk-349,Hybrid,5th Floor,TRUE,TRUE,TRUE,24-11-2025
E10639,L004,07-03-2011,Desk-151,Hybrid,5th Floor,TRUE,TRUE,TRUE,24-11-2025
E10640,L003,24-05-2012,Desk-307,Hybrid,5th Floor,TRUE,TRUE,TRUE,24-11-2025
E10641,L004,12-04-2019,Desk-498,Hybrid,5th Floor,TRUE,TRUE,TRUE,24-11-2025
E10642,L004,06-11-2022,Desk-325,Hybrid,5th Floor,TRUE,TRUE,TRUE,24-11-2025
E10643,L003,04-02-2017,Desk-38,Hybrid,5th Floor,TRUE,TRUE,TRUE,24-11-2025
E10644,L002,06-05-2013,Desk-101,Hybrid,5th Floor,TRUE,TRUE,TRUE,24-11-2025
E10645,L003,18-07-2020,Desk-216,Hybrid,5th Floor,TRUE,TRUE,TRUE,24-11-2025
E10646,L005,03-06-2013,Desk-408,Hybrid,5th Floor,TRUE,TRUE,TRUE,24-11-2025
E10647,L003,02-10-2017,Desk-161,Hybrid,5th Floor,TRUE,TRUE,TRUE,24-11-2025
E10648,L003,04-04-2011,Desk-86,Hybrid,5th Floor,TRUE,TRUE,TRUE,24-11-2025
E10649,L005,07-02-2020,Desk-207,Hybrid,5th Floor,TRUE,TRUE,TRUE,24-11-2025
E10650,L001,06-06-2023,Desk-31,Hybrid,5th Floor,TRUE,TRUE,TRUE,24-11-2025
E10651,L002,07-12-2024,Desk-343,Hybrid,5th Floor,TRUE,TRUE,TRUE,24-11-2025
E10652,L004,14-03-2023,Desk-169,Hybrid,5th Floor,TRUE,TRUE,TRUE,24-11-2025
E10653,L001,04-08-2010,Desk-80,Hybrid,5th Floor,TRUE,TRUE,TRUE,24-11-2025
E10654,L003,12-03-2011,Desk-358,Hybrid,5th Floor,TRUE,TRUE,TRUE,24-11-2025
E10655,L002,07-03-2018,Desk-325,Hybrid,5th Floor,TRUE,TRUE,TRUE,24-11-2025
E10656,L003,30-07-2022,Desk-284,Hybrid,5th Floor,TRUE,TRUE,TRUE,24-11-2025
E10657,L005,16-12-2014,Desk-137,Hybrid,5th Floor,TRUE,TRUE,TRUE,24-11-2025
E10658,L004,16-09-2018,Desk-109,Hybrid,5th Floor,TRUE,TRUE,TRUE,24-11-2025
E10659,L002,09-11-2016,Desk-428,Hybrid,5th Floor,TRUE,TRUE,TRUE,24-11-2025
E10660,L001,06-01-2016,Desk-172,Hybrid,5th Floor,TRUE,TRUE,TRUE,24-11-2025
E10661,L002,23-01-2011,Desk-248,Hybrid,5th Floor,TRUE,TRUE,TRUE,24-11-2025
E10662,L004,06-09-2017,Desk-301,Hybrid,5th Floor,TRUE,TRUE,TRUE,24-11-2025
E10663,L004,19-03-2010,Desk-306,Hybrid,5th Floor,TRUE,TRUE,TRUE,24-11-2025
E10664,L002,16-12-2023,Desk-252,Hybrid,5th Floor,TRUE,TRUE,TRUE,24-11-2025
E10665,L004,17-01-2023,Desk-239,Hybrid,5th Floor,TRUE,TRUE,TRUE,24-11-2025
E10666,L005,28-12-2018,Desk-482,Hybrid,5th Floor,TRUE,TRUE,TRUE,24-11-2025
E10667,L004,11-09-2015,Desk-35,Hybrid,5th Floor,TRUE,TRUE,TRUE,24-11-2025
E10668,L002,09-06-2023,Desk-193,Hybrid,5th Floor,TRUE,TRUE,TRUE,24-11-2025
E10669,L003,11-03-2020,Desk-340,Hybrid,5th Floor,TRUE,TRUE,TRUE,24-11-2025
E10670,L002,25-03-2023,Desk-45,Hybrid,5th Floor,TRUE,TRUE,TRUE,24-11-2025
E10671,L001,29-04-2014,Desk-486,Hybrid,5th Floor,TRUE,TRUE,TRUE,24-11-2025
E10672,L003,27-02-2024,Desk-260,Hybrid,5th Floor,TRUE,TRUE,TRUE,24-11-2025
E10673,L001,31-01-2024,Desk-185,Hybrid,5th Floor,TRUE,TRUE,TRUE,24-11-2025
E10674,L002,12-11-2012,Desk-424,Hybrid,5th Floor,TRUE,TRUE,TRUE,24-11-2025
E10675,L002,09-12-2021,Desk-72,Hybrid,5th Floor,TRUE,TRUE,TRUE,24-11-2025
E10676,L005,17-12-2012,Desk-246,Hybrid,5th Floor,TRUE,TRUE,TRUE,24-11-2025
E10677,L004,27-04-2011,Desk-84,Hybrid,5th Floor,TRUE,TRUE,TRUE,24-11-2025
E10678,L003,04-01-2018,Desk-44,Hybrid,5th Floor,TRUE,TRUE,TRUE,24-11-2025
E10679,L002,07-10-2023,Desk-365,Hybrid,5th Floor,TRUE,TRUE,TRUE,24-11-2025
E10680,L001,23-06-2015,Desk-89,Hybrid,5th Floor,TRUE,TRUE,TRUE,24-11-2025
E10681,L002,12-02-2021,Desk-202,Hybrid,5th Floor,TRUE,TRUE,TRUE,24-11-2025
E10682,L003,01-10-2019,Desk-63,Hybrid,5th Floor,TRUE,TRUE,TRUE,24-11-2025
E10683,L001,03-01-2018,Desk-398,Hybrid,5th Floor,TRUE,TRUE,TRUE,24-11-2025
E10684,L002,08-11-2023,Desk-312,Hybrid,5th Floor,TRUE,TRUE,TRUE,24-11-2025
E10685,L004,04-12-2016,Desk-46,Hybrid,5th Floor,TRUE,TRUE,TRUE,24-11-2025
E10686,L005,21-04-2013,Desk-483,Hybrid,5th Floor,TRUE,TRUE,TRUE,24-11-2025
E10687,L002,01-01-2011,Desk-106,Hybrid,5th Floor,TRUE,TRUE,TRUE,24-11-2025
E10688,L004,09-10-2014,Desk-449,Hybrid,5th Floor,TRUE,TRUE,TRUE,24-11-2025
E10689,L004,02-07-2022,Desk-90,Hybrid,5th Floor,TRUE,TRUE,TRUE,24-11-2025
E10690,L003,02-03-2022,Desk-348,Hybrid,5th Floor,TRUE,TRUE,TRUE,24-11-2025
E10691,L001,08-07-2017,Desk-414,Hybrid,5th Floor,TRUE,TRUE,TRUE,24-11-2025
E10692,L004,24-06-2018,Desk-90,Hybrid,5th Floor,TRUE,TRUE,TRUE,24-11-2025
E10693,L001,15-06-2012,Desk-360,Hybrid,5th Floor,TRUE,TRUE,TRUE,24-11-2025
E10694,L005,19-11-2020,Desk-204,Hybrid,5th Floor,TRUE,TRUE,TRUE,24-11-2025
E10695,L004,30-05-2014,Desk-204,Hybrid,5th Floor,TRUE,TRUE,TRUE,24-11-2025
E10696,L001,03-02-2024,Desk-487,Hybrid,5th Floor,TRUE,TRUE,TRUE,24-11-2025
E10697,L003,01-04-2012,Desk-370,Hybrid,5th Floor,TRUE,TRUE,TRUE,24-11-2025
E10698,L005,19-06-2022,Desk-292,Hybrid,5th Floor,TRUE,TRUE,TRUE,24-11-2025
E10699,L002,19-08-2015,Desk-280,Hybrid,5th Floor,TRUE,TRUE,TRUE,24-11-2025
E10700,L005,02-03-2015,Desk-136,Hybrid,5th Floor,TRUE,TRUE,TRUE,24-11-2025
E10701,L001,02-07-2016,Desk-71,Hybrid,5th Floor,TRUE,TRUE,TRUE,24-11-2025
E10702,L005,20-03-2011,Desk-493,Hybrid,5th Floor,TRUE,TRUE,TRUE,24-11-2025
E10703,L003,22-02-2019,Desk-102,Hybrid,5th Floor,TRUE,TRUE,TRUE,24-11-2025
E10704,L005,08-04-2014,Desk-192,Hybrid,5th Floor,TRUE,TRUE,TRUE,24-11-2025
E10705,L004,04-09-2018,Desk-161,Hybrid,5th Floor,TRUE,TRUE,TRUE,24-11-2025
E10706,L005,17-01-2024,Desk-364,Hybrid,5th Floor,TRUE,TRUE,TRUE,24-11-2025
E10707,L002,12-06-2014,Desk-449,Hybrid,5th Floor,TRUE,TRUE,TRUE,24-11-2025
E10708,L003,07-11-2023,Desk-142,Hybrid,5th Floor,TRUE,TRUE,TRUE,24-11-2025
E10709,L003,22-05-2018,Desk-226,Hybrid,5th Floor,TRUE,TRUE,TRUE,24-11-2025
E10710,L001,09-12-2015,Desk-335,Hybrid,5th Floor,TRUE,TRUE,TRUE,24-11-2025
E10711,L001,30-08-2020,Desk-241,Hybrid,5th Floor,TRUE,TRUE,TRUE,24-11-2025
E10712,L005,20-12-2016,Desk-56,Hybrid,5th Floor,TRUE,TRUE,TRUE,24-11-2025
E10713,L003,10-11-2018,Desk-330,Hybrid,5th Floor,TRUE,TRUE,TRUE,24-11-2025
E10714,L004,13-12-2017,Desk-348,Hybrid,5th Floor,TRUE,TRUE,TRUE,24-11-2025
E10715,L001,20-05-2023,Desk-150,Hybrid,5th Floor,TRUE,TRUE,TRUE,24-11-2025
E10716,L001,25-07-2021,Desk-463,Hybrid,5th Floor,TRUE,TRUE,TRUE,24-11-2025
E10717,L004,20-01-2023,Desk-319,Hybrid,5th Floor,TRUE,TRUE,TRUE,24-11-2025
E10718,L003,21-11-2019,Desk-282,Hybrid,5th Floor,TRUE,TRUE,TRUE,24-11-2025
E10719,L005,12-10-2023,Desk-313,Hybrid,5th Floor,TRUE,TRUE,TRUE,24-11-2025
E10720,L002,13-05-2023,Desk-198,Hybrid,5th Floor,TRUE,TRUE,TRUE,24-11-2025
E10721,L001,22-10-2015,Desk-45,Hybrid,5th Floor,TRUE,TRUE,TRUE,24-11-2025
E10722,L001,04-10-2021,Desk-41,Hybrid,5th Floor,TRUE,TRUE,TRUE,24-11-2025
E10723,L001,14-04-2014,Desk-459,Hybrid,5th Floor,TRUE,TRUE,TRUE,24-11-2025
E10724,L003,17-11-2020,Desk-249,Hybrid,5th Floor,TRUE,TRUE,TRUE,24-11-2025
E10725,L005,29-01-2022,Desk-132,Hybrid,5th Floor,TRUE,TRUE,TRUE,24-11-2025
E10726,L002,07-06-2024,Desk-247,Hybrid,5th Floor,TRUE,TRUE,TRUE,24-11-2025
E10727,L003,20-01-2014,Desk-440,Hybrid,5th Floor,TRUE,TRUE,TRUE,24-11-2025
E10728,L001,31-08-2017,Desk-396,Hybrid,5th Floor,TRUE,TRUE,TRUE,24-11-2025
E10729,L004,14-05-2015,Desk-136,Hybrid,5th Floor,TRUE,TRUE,TRUE,24-11-2025
E10730,L004,06-06-2015,Desk-204,Hybrid,5th Floor,TRUE,TRUE,TRUE,24-11-2025
E10731,L001,21-07-2022,Desk-207,Hybrid,5th Floor,TRUE,TRUE,TRUE,24-11-2025
E10732,L001,09-06-2024,Desk-487,Hybrid,5th Floor,TRUE,TRUE,TRUE,24-11-2025
E10733,L004,01-12-2016,Desk-180,Hybrid,5th Floor,TRUE,TRUE,TRUE,24-11-2025
E10734,L004,15-10-2011,Desk-339,Hybrid,5th Floor,TRUE,TRUE,TRUE,24-11-2025
E10735,L003,30-09-2011,Desk-415,Hybrid,5th Floor,TRUE,TRUE,TRUE,24-11-2025
E10736,L005,22-07-2011,Desk-232,Hybrid,5th Floor,TRUE,TRUE,TRUE,24-11-2025
E10737,L005,03-06-2011,Desk-51,Hybrid,5th Floor,TRUE,TRUE,TRUE,24-11-2025
E10738,L003,07-01-2019,Desk-483,Hybrid,5th Floor,TRUE,TRUE,TRUE,24-11-2025
E10739,L003,31-12-2016,Desk-169,Hybrid,5th Floor,TRUE,TRUE,TRUE,24-11-2025
E10740,L002,21-11-2023,Desk-293,Hybrid,5th Floor,TRUE,TRUE,TRUE,24-11-2025
E10741,L003,30-05-2022,Desk-197,Hybrid,5th Floor,TRUE,TRUE,TRUE,24-11-2025
E10742,L005,08-01-2018,Desk-239,Hybrid,5th Floor,TRUE,TRUE,TRUE,24-11-2025
E10743,L002,27-01-2015,Desk-396,Hybrid,5th Floor,TRUE,TRUE,TRUE,24-11-2025
E10744,L005,22-06-2017,Desk-237,Hybrid,5th Floor,TRUE,TRUE,TRUE,24-11-2025
E10745,L003,09-10-2011,Desk-122,Hybrid,5th Floor,TRUE,TRUE,TRUE,24-11-2025
E10746,L001,03-05-2018,Desk-425,Hybrid,5th Floor,TRUE,TRUE,TRUE,24-11-2025
E10747,L003,09-04-2024,Desk-124,Hybrid,5th Floor,TRUE,TRUE,TRUE,24-11-2025
E10748,L002,24-09-2017,Desk-208,Hybrid,5th Floor,TRUE,TRUE,TRUE,24-11-2025
E10749,L001,29-11-2018,Desk-325,Hybrid,5th Floor,TRUE,TRUE,TRUE,24-11-2025
E10750,L004,30-01-2010,Desk-452,Hybrid,5th Floor,TRUE,TRUE,TRUE,24-11-2025
E10751,L005,18-01-2020,Desk-347,Hybrid,5th Floor,TRUE,TRUE,TRUE,24-11-2025
E10752,L003,06-11-2018,Desk-82,Hybrid,5th Floor,TRUE,TRUE,TRUE,24-11-2025
E10753,L003,15-09-2018,Desk-306,Hybrid,5th Floor,TRUE,TRUE,TRUE,24-11-2025
E10754,L002,30-06-2014,Desk-385,Hybrid,5th Floor,TRUE,TRUE,TRUE,24-11-2025
E10755,L003,03-08-2024,Desk-171,Hybrid,5th Floor,TRUE,TRUE,TRUE,24-11-2025
E10756,L004,15-07-2013,Desk-333,Hybrid,5th Floor,TRUE,TRUE,TRUE,24-11-2025
E10757,L003,11-02-2023,Desk-348,Hybrid,5th Floor,TRUE,TRUE,TRUE,24-11-2025
E10758,L004,27-04-2018,Desk-272,Hybrid,5th Floor,TRUE,TRUE,TRUE,24-11-2025
E10759,L005,29-04-2016,Desk-487,Hybrid,5th Floor,TRUE,TRUE,TRUE,24-11-2025
E10760,L004,23-02-2016,Desk-226,Hybrid,5th Floor,TRUE,TRUE,TRUE,24-11-2025
E10761,L002,02-01-2025,Desk-51,Hybrid,5th Floor,TRUE,TRUE,TRUE,24-11-2025
E10762,L005,01-11-2013,Desk-76,Hybrid,5th Floor,TRUE,TRUE,TRUE,24-11-2025
E10763,L004,08-01-2023,Desk-116,Hybrid,5th Floor,TRUE,TRUE,TRUE,24-11-2025
E10764,L002,19-01-2014,Desk-500,Hybrid,5th Floor,TRUE,TRUE,TRUE,24-11-2025
E10765,L005,03-01-2020,Desk-19,Hybrid,5th Floor,TRUE,TRUE,TRUE,24-11-2025
E10766,L005,02-01-2016,Desk-245,Hybrid,5th Floor,TRUE,TRUE,TRUE,24-11-2025
E10767,L001,13-12-2012,Desk-498,Hybrid,5th Floor,TRUE,TRUE,TRUE,24-11-2025
E10768,L003,20-06-2017,Desk-275,Hybrid,5th Floor,TRUE,TRUE,TRUE,24-11-2025
E10769,L004,02-09-2018,Desk-421,Hybrid,5th Floor,TRUE,TRUE,TRUE,24-11-2025
E10770,L002,01-10-2011,Desk-282,Hybrid,5th Floor,TRUE,TRUE,TRUE,24-11-2025
E10771,L003,09-11-2012,Desk-455,Hybrid,5th Floor,TRUE,TRUE,TRUE,24-11-2025
E10772,L003,21-07-2023,Desk-329,Hybrid,5th Floor,TRUE,TRUE,TRUE,24-11-2025
E10773,L005,25-12-2019,Desk-311,Hybrid,5th Floor,TRUE,TRUE,TRUE,24-11-2025
E10774,L004,22-12-2016,Desk-382,Hybrid,5th Floor,TRUE,TRUE,TRUE,24-11-2025
E10775,L004,04-05-2014,Desk-19,Hybrid,5th Floor,TRUE,TRUE,TRUE,24-11-2025
E10776,L002,21-07-2011,Desk-280,Hybrid,5th Floor,TRUE,TRUE,TRUE,24-11-2025
E10777,L004,28-03-2020,Desk-428,Hybrid,5th Floor,TRUE,TRUE,TRUE,24-11-2025
E10778,L003,24-04-2010,Desk-15,Hybrid,5th Floor,TRUE,TRUE,TRUE,24-11-2025
E10779,L002,06-11-2017,Desk-275,Hybrid,5th Floor,TRUE,TRUE,TRUE,24-11-2025
E10780,L005,10-09-2016,Desk-7,Hybrid,5th Floor,TRUE,TRUE,TRUE,24-11-2025
E10781,L005,09-08-2023,Desk-493,Hybrid,5th Floor,TRUE,TRUE,TRUE,24-11-2025
E10782,L001,04-09-2020,Desk-475,Hybrid,5th Floor,TRUE,TRUE,TRUE,24-11-2025
E10783,L002,29-01-2013,Desk-215,Hybrid,5th Floor,TRUE,TRUE,TRUE,24-11-2025
E10784,L002,03-07-2015,Desk-215,Hybrid,5th Floor,TRUE,TRUE,TRUE,24-11-2025
E10785,L002,01-01-2020,Desk-48,Hybrid,5th Floor,TRUE,TRUE,TRUE,24-11-2025
E10786,L001,17-12-2018,Desk-283,Hybrid,5th Floor,TRUE,TRUE,TRUE,24-11-2025
E10787,L003,01-04-2013,Desk-282,Hybrid,5th Floor,TRUE,TRUE,TRUE,24-11-2025
E10788,L005,24-09-2020,Desk-120,Hybrid,5th Floor,TRUE,TRUE,TRUE,24-11-2025
E10789,L003,02-10-2018,Desk-220,Hybrid,5th Floor,TRUE,TRUE,TRUE,24-11-2025
E10790,L002,21-01-2010,Desk-180,Hybrid,5th Floor,TRUE,TRUE,TRUE,24-11-2025
E10791,L005,13-01-2019,Desk-497,Hybrid,5th Floor,TRUE,TRUE,TRUE,24-11-2025
E10792,L004,13-04-2016,Desk-55,Hybrid,5th Floor,TRUE,TRUE,TRUE,24-11-2025
E10793,L002,22-12-2019,Desk-215,Hybrid,5th Floor,TRUE,TRUE,TRUE,24-11-2025
E10794,L004,08-09-2020,Desk-328,Hybrid,5th Floor,TRUE,TRUE,TRUE,24-11-2025
E10795,L005,04-12-2016,Desk-329,Hybrid,5th Floor,TRUE,TRUE,TRUE,24-11-2025
E10796,L001,07-06-2020,Desk-11,Hybrid,5th Floor,TRUE,TRUE,TRUE,24-11-2025
E10797,L004,20-10-2022,Desk-348,Hybrid,5th Floor,TRUE,TRUE,TRUE,24-11-2025
E10798,L002,20-09-2012,Desk-262,Hybrid,5th Floor,TRUE,TRUE,TRUE,24-11-2025
E10799,L003,08-09-2020,Desk-153,Hybrid,5th Floor,TRUE,TRUE,TRUE,24-11-2025
E10800,L002,08-05-2023,Desk-461,Hybrid,5th Floor,TRUE,TRUE,TRUE,24-11-2025
E10801,L003,06-12-2022,Desk-83,Hybrid,5th Floor,TRUE,TRUE,TRUE,24-11-2025
E10802,L004,30-04-2011,Desk-153,Hybrid,5th Floor,TRUE,TRUE,TRUE,24-11-2025
E10803,L005,30-10-2016,Desk-351,Hybrid,5th Floor,TRUE,TRUE,TRUE,24-11-2025
E10804,L005,26-12-2017,Desk-67,Hybrid,5th Floor,TRUE,TRUE,TRUE,24-11-2025
E10805,L003,03-12-2023,Desk-288,Hybrid,5th Floor,TRUE,TRUE,TRUE,24-11-2025
E10806,L002,16-04-2019,Desk-307,Hybrid,5th Floor,TRUE,TRUE,TRUE,24-11-2025
E10807,L005,27-03-2021,Desk-107,Hybrid,5th Floor,TRUE,TRUE,TRUE,24-11-2025
E10808,L001,27-06-2015,Desk-198,Hybrid,5th Floor,TRUE,TRUE,TRUE,24-11-2025
E10809,L003,28-03-2022,Desk-210,Hybrid,5th Floor,TRUE,TRUE,TRUE,24-11-2025
E10810,L005,10-08-2024,Desk-434,Hybrid,5th Floor,TRUE,TRUE,TRUE,24-11-2025
E10811,L001,19-10-2020,Desk-113,Hybrid,5th Floor,TRUE,TRUE,TRUE,24-11-2025
E10812,L003,14-09-2018,Desk-231,Hybrid,5th Floor,TRUE,TRUE,TRUE,24-11-2025
E10813,L003,12-03-2015,Desk-363,Hybrid,5th Floor,TRUE,TRUE,TRUE,24-11-2025
E10814,L003,24-03-2020,Desk-223,Hybrid,5th Floor,TRUE,TRUE,TRUE,24-11-2025
E10815,L005,06-10-2021,Desk-290,Hybrid,5th Floor,TRUE,TRUE,TRUE,24-11-2025
E10816,L003,26-11-2024,Desk-393,Hybrid,5th Floor,TRUE,TRUE,TRUE,24-11-2025
E10817,L001,09-04-2011,Desk-87,Hybrid,5th Floor,TRUE,TRUE,TRUE,24-11-2025
E10818,L004,03-04-2022,Desk-456,Hybrid,5th Floor,TRUE,TRUE,TRUE,24-11-2025
E10819,L002,21-12-2020,Desk-346,Hybrid,5th Floor,TRUE,TRUE,TRUE,24-11-2025
E10820,L002,23-08-2012,Desk-209,Hybrid,5th Floor,TRUE,TRUE,TRUE,24-11-2025
E10821,L004,21-12-2014,Desk-337,Hybrid,5th Floor,TRUE,TRUE,TRUE,24-11-2025
E10822,L002,20-02-2022,Desk-382,Hybrid,5th Floor,TRUE,TRUE,TRUE,24-11-2025
E10823,L005,23-05-2022,Desk-237,Hybrid,5th Floor,TRUE,TRUE,TRUE,24-11-2025
E10824,L005,05-08-2017,Desk-375,Hybrid,5th Floor,TRUE,TRUE,TRUE,24-11-2025
E10825,L002,08-12-2010,Desk-466,Hybrid,5th Floor,TRUE,TRUE,TRUE,24-11-2025
E10826,L001,09-07-2020,Desk-380,Hybrid,5th Floor,TRUE,TRUE,TRUE,24-11-2025
E10827,L004,22-10-2023,Desk-114,Hybrid,5th Floor,TRUE,TRUE,TRUE,24-11-2025
E10828,L002,27-08-2010,Desk-226,Hybrid,5th Floor,TRUE,TRUE,TRUE,24-11-2025
E10829,L005,04-04-2015,Desk-258,Hybrid,5th Floor,TRUE,TRUE,TRUE,24-11-2025
E10830,L002,08-08-2020,Desk-157,Hybrid,5th Floor,TRUE,TRUE,TRUE,24-11-2025
E10831,L003,06-04-2024,Desk-41,Hybrid,5th Floor,TRUE,TRUE,TRUE,24-11-2025
E10832,L005,02-05-2015,Desk-309,Hybrid,5th Floor,TRUE,TRUE,TRUE,24-11-2025
E10833,L003,04-12-2024,Desk-166,Hybrid,5th Floor,TRUE,TRUE,TRUE,24-11-2025
E10834,L005,11-06-2022,Desk-440,Hybrid,5th Floor,TRUE,TRUE,TRUE,24-11-2025
E10835,L001,04-03-2022,Desk-69,Hybrid,5th Floor,TRUE,TRUE,TRUE,24-11-2025
E10836,L005,10-10-2021,Desk-43,Hybrid,5th Floor,TRUE,TRUE,TRUE,24-11-2025
E10837,L002,15-03-2024,Desk-469,Hybrid,5th Floor,TRUE,TRUE,TRUE,24-11-2025
E10838,L005,28-09-2023,Desk-236,Hybrid,5th Floor,TRUE,TRUE,TRUE,24-11-2025
E10839,L002,15-02-2013,Desk-22,Hybrid,5th Floor,TRUE,TRUE,TRUE,24-11-2025
E10840,L003,25-12-2020,Desk-98,Hybrid,5th Floor,TRUE,TRUE,TRUE,24-11-2025
E10841,L001,07-07-2017,Desk-185,Hybrid,5th Floor,TRUE,TRUE,TRUE,24-11-2025
E10842,L001,19-09-2011,Desk-329,Hybrid,5th Floor,TRUE,TRUE,TRUE,24-11-2025
E10843,L001,22-12-2024,Desk-466,Hybrid,5th Floor,TRUE,TRUE,TRUE,24-11-2025
E10844,L001,11-12-2022,Desk-374,Hybrid,5th Floor,TRUE,TRUE,TRUE,24-11-2025
E10845,L001,19-01-2017,Desk-137,Hybrid,5th Floor,TRUE,TRUE,TRUE,24-11-2025
E10846,L005,17-01-2023,Desk-332,Hybrid,5th Floor,TRUE,TRUE,TRUE,24-11-2025
E10847,L005,05-05-2010,Desk-128,Hybrid,5th Floor,TRUE,TRUE,TRUE,24-11-2025
E10848,L005,21-03-2016,Desk-179,Hybrid,5th Floor,TRUE,TRUE,TRUE,24-11-2025
E10849,L001,21-05-2017,Desk-40,Hybrid,5th Floor,TRUE,TRUE,TRUE,24-11-2025
E10850,L005,02-05-2022,Desk-238,Hybrid,5th Floor,TRUE,TRUE,TRUE,24-11-2025
E10851,L002,11-08-2013,Desk-108,Hybrid,5th Floor,TRUE,TRUE,TRUE,24-11-2025
E10852,L003,02-03-2023,Desk-438,Hybrid,5th Floor,TRUE,TRUE,TRUE,24-11-2025
E10853,L002,27-08-2011,Desk-499,Hybrid,5th Floor,TRUE,TRUE,TRUE,24-11-2025
E10854,L005,06-02-2021,Desk-423,Hybrid,5th Floor,TRUE,TRUE,TRUE,24-11-2025
E10855,L002,22-10-2012,Desk-490,Hybrid,5th Floor,TRUE,TRUE,TRUE,24-11-2025
E10856,L003,27-09-2022,Desk-57,Hybrid,5th Floor,TRUE,TRUE,TRUE,24-11-2025
E10857,L003,03-02-2010,Desk-261,Hybrid,5th Floor,TRUE,TRUE,TRUE,24-11-2025
E10858,L004,28-11-2010,Desk-56,Hybrid,5th Floor,TRUE,TRUE,TRUE,24-11-2025
E10859,L002,17-12-2019,Desk-496,Hybrid,5th Floor,TRUE,TRUE,TRUE,24-11-2025
E10860,L001,22-03-2017,Desk-354,Hybrid,5th Floor,TRUE,TRUE,TRUE,24-11-2025
E10861,L003,25-09-2019,Desk-474,Hybrid,5th Floor,TRUE,TRUE,TRUE,24-11-2025
E10862,L002,18-03-2020,Desk-483,Hybrid,5th Floor,TRUE,TRUE,TRUE,24-11-2025
E10863,L002,21-08-2011,Desk-42,Hybrid,5th Floor,TRUE,TRUE,TRUE,24-11-2025
E10864,L004,08-07-2015,Desk-243,Hybrid,5th Floor,TRUE,TRUE,TRUE,24-11-2025
E10865,L004,25-02-2014,Desk-189,Hybrid,5th Floor,TRUE,TRUE,TRUE,24-11-2025
E10866,L002,12-08-2022,Desk-342,Hybrid,5th Floor,TRUE,TRUE,TRUE,24-11-2025
E10867,L003,21-03-2024,Desk-20,Hybrid,5th Floor,TRUE,TRUE,TRUE,24-11-2025
E10868,L005,05-02-2010,Desk-340,Hybrid,5th Floor,TRUE,TRUE,TRUE,24-11-2025
E10869,L005,14-03-2012,Desk-447,Hybrid,5th Floor,TRUE,TRUE,TRUE,24-11-2025
E10870,L002,10-04-2022,Desk-395,Hybrid,5th Floor,TRUE,TRUE,TRUE,24-11-2025
E10871,L004,10-07-2016,Desk-155,Hybrid,5th Floor,TRUE,TRUE,TRUE,24-11-2025
E10872,L001,21-01-2019,Desk-482,Hybrid,5th Floor,TRUE,TRUE,TRUE,24-11-2025
E10873,L005,21-09-2013,Desk-255,Hybrid,5th Floor,TRUE,TRUE,TRUE,24-11-2025
E10874,L004,23-07-2018,Desk-384,Hybrid,5th Floor,TRUE,TRUE,TRUE,24-11-2025
E10875,L003,19-02-2012,Desk-134,Hybrid,5th Floor,TRUE,TRUE,TRUE,24-11-2025
E10876,L004,26-11-2014,Desk-294,Hybrid,5th Floor,TRUE,TRUE,TRUE,24-11-2025
E10877,L001,16-12-2023,Desk-207,Hybrid,5th Floor,TRUE,TRUE,TRUE,24-11-2025
E10878,L004,28-11-2012,Desk-237,Hybrid,5th Floor,TRUE,TRUE,TRUE,24-11-2025
E10879,L001,17-01-2024,Desk-491,Hybrid,5th Floor,TRUE,TRUE,TRUE,24-11-2025
E10880,L004,21-02-2012,Desk-166,Hybrid,5th Floor,TRUE,TRUE,TRUE,24-11-2025
E10881,L005,24-10-2023,Desk-460,Hybrid,5th Floor,TRUE,TRUE,TRUE,24-11-2025
E10882,L002,23-05-2010,Desk-489,Hybrid,5th Floor,TRUE,TRUE,TRUE,24-11-2025
E10883,L005,15-06-2022,Desk-72,Hybrid,5th Floor,TRUE,TRUE,TRUE,24-11-2025
E10884,L001,11-03-2016,Desk-256,Hybrid,5th Floor,TRUE,TRUE,TRUE,24-11-2025
E10885,L005,13-07-2010,Desk-153,Hybrid,5th Floor,TRUE,TRUE,TRUE,24-11-2025
E10886,L002,24-04-2012,Desk-76,Hybrid,5th Floor,TRUE,TRUE,TRUE,24-11-2025
E10887,L002,09-05-2019,Desk-56,Hybrid,5th Floor,TRUE,TRUE,TRUE,24-11-2025
E10888,L002,10-05-2021,Desk-347,Hybrid,5th Floor,TRUE,TRUE,TRUE,24-11-2025
E10889,L005,24-02-2022,Desk-443,Hybrid,5th Floor,TRUE,TRUE,TRUE,24-11-2025
E10890,L002,27-06-2017,Desk-152,Hybrid,5th Floor,TRUE,TRUE,TRUE,24-11-2025
E10891,L004,24-12-2012,Desk-209,Hybrid,5th Floor,TRUE,TRUE,TRUE,24-11-2025
E10892,L002,06-09-2011,Desk-390,Hybrid,5th Floor,TRUE,TRUE,TRUE,24-11-2025
E10893,L003,20-08-2022,Desk-466,Hybrid,5th Floor,TRUE,TRUE,TRUE,24-11-2025
E10894,L004,05-09-2014,Desk-81,Hybrid,5th Floor,TRUE,TRUE,TRUE,24-11-2025
E10895,L001,07-02-2015,Desk-201,Hybrid,5th Floor,TRUE,TRUE,TRUE,24-11-2025
E10896,L004,08-03-2014,Desk-419,Hybrid,5th Floor,TRUE,TRUE,TRUE,24-11-2025
E10897,L004,10-09-2011,Desk-127,Hybrid,5th Floor,TRUE,TRUE,TRUE,24-11-2025
E10898,L003,08-01-2018,Desk-110,Hybrid,5th Floor,TRUE,TRUE,TRUE,24-11-2025
E10899,L001,06-11-2013,Desk-113,Hybrid,5th Floor,TRUE,TRUE,TRUE,24-11-2025
E10900,L001,19-06-2013,Desk-227,Hybrid,5th Floor,TRUE,TRUE,TRUE,24-11-2025
E10901,L003,13-06-2019,Desk-30,Hybrid,5th Floor,TRUE,TRUE,TRUE,24-11-2025
E10902,L001,06-06-2018,Desk-469,Hybrid,5th Floor,TRUE,TRUE,TRUE,24-11-2025
E10903,L005,29-09-2018,Desk-336,Hybrid,5th Floor,TRUE,TRUE,TRUE,24-11-2025
E10904,L003,02-01-2023,Desk-191,Hybrid,5th Floor,TRUE,TRUE,TRUE,24-11-2025
E10905,L001,11-03-2015,Desk-360,Hybrid,5th Floor,TRUE,TRUE,TRUE,24-11-2025
E10906,L005,13-08-2017,Desk-155,Hybrid,5th Floor,TRUE,TRUE,TRUE,24-11-2025
E10907,L003,07-06-2016,Desk-322,Hybrid,5th Floor,TRUE,TRUE,TRUE,24-11-2025
E10908,L004,05-10-2024,Desk-53,Hybrid,5th Floor,TRUE,TRUE,TRUE,24-11-2025
E10909,L003,02-06-2020,Desk-408,Hybrid,5th Floor,TRUE,TRUE,TRUE,24-11-2025
E10910,L001,07-01-2011,Desk-462,Hybrid,5th Floor,TRUE,TRUE,TRUE,24-11-2025
E10911,L002,29-11-2023,Desk-195,Hybrid,5th Floor,TRUE,TRUE,TRUE,24-11-2025
E10912,L005,25-07-2013,Desk-168,Hybrid,5th Floor,TRUE,TRUE,TRUE,24-11-2025
E10913,L001,30-09-2010,Desk-10,Hybrid,5th Floor,TRUE,TRUE,TRUE,24-11-2025
E10914,L001,16-06-2011,Desk-274,Hybrid,5th Floor,TRUE,TRUE,TRUE,24-11-2025
E10915,L001,02-08-2016,Desk-183,Hybrid,5th Floor,TRUE,TRUE,TRUE,24-11-2025
E10916,L001,25-04-2021,Desk-209,Hybrid,5th Floor,TRUE,TRUE,TRUE,24-11-2025
E10917,L005,27-09-2019,Desk-306,Hybrid,5th Floor,TRUE,TRUE,TRUE,24-11-2025
E10918,L002,10-10-2012,Desk-396,Hybrid,5th Floor,TRUE,TRUE,TRUE,24-11-2025
E10919,L002,14-11-2010,Desk-91,Hybrid,5th Floor,TRUE,TRUE,TRUE,24-11-2025
E10920,L005,15-12-2020,Desk-286,Hybrid,5th Floor,TRUE,TRUE,TRUE,24-11-2025
E10921,L003,07-01-2014,Desk-73,Hybrid,5th Floor,TRUE,TRUE,TRUE,24-11-2025
E10922,L005,06-10-2011,Desk-449,Hybrid,5th Floor,TRUE,TRUE,TRUE,24-11-2025
E10923,L002,29-12-2013,Desk-39,Hybrid,5th Floor,TRUE,TRUE,TRUE,24-11-2025
E10924,L003,26-09-2019,Desk-308,Hybrid,5th Floor,TRUE,TRUE,TRUE,24-11-2025
E10925,L005,28-09-2015,Desk-308,Hybrid,5th Floor,TRUE,TRUE,TRUE,24-11-2025
E10926,L001,07-04-2012,Desk-119,Hybrid,5th Floor,TRUE,TRUE,TRUE,24-11-2025
E10927,L003,01-09-2021,Desk-101,Hybrid,5th Floor,TRUE,TRUE,TRUE,24-11-2025
E10928,L004,13-08-2018,Desk-411,Hybrid,5th Floor,TRUE,TRUE,TRUE,24-11-2025
E10929,L004,11-09-2017,Desk-168,Hybrid,5th Floor,TRUE,TRUE,TRUE,24-11-2025
E10930,L005,20-08-2021,Desk-382,Hybrid,5th Floor,TRUE,TRUE,TRUE,24-11-2025
E10931,L004,25-12-2019,Desk-147,Hybrid,5th Floor,TRUE,TRUE,TRUE,24-11-2025
E10932,L005,04-08-2018,Desk-271,Hybrid,5th Floor,TRUE,TRUE,TRUE,24-11-2025
E10933,L002,20-03-2016,Desk-478,Hybrid,5th Floor,TRUE,TRUE,TRUE,24-11-2025
E10934,L001,04-12-2013,Desk-279,Hybrid,5th Floor,TRUE,TRUE,TRUE,24-11-2025
E10935,L001,12-06-2017,Desk-294,Hybrid,5th Floor,TRUE,TRUE,TRUE,24-11-2025
E10936,L004,06-02-2016,Desk-441,Hybrid,5th Floor,TRUE,TRUE,TRUE,24-11-2025
E10937,L002,23-02-2024,Desk-37,Hybrid,5th Floor,TRUE,TRUE,TRUE,24-11-2025
E10938,L003,29-05-2010,Desk-414,Hybrid,5th Floor,TRUE,TRUE,TRUE,24-11-2025
E10939,L005,07-04-2018,Desk-155,Hybrid,5th Floor,TRUE,TRUE,TRUE,24-11-2025
E10940,L004,30-09-2010,Desk-402,Hybrid,5th Floor,TRUE,TRUE,TRUE,24-11-2025
E10941,L002,18-05-2022,Desk-241,Hybrid,5th Floor,TRUE,TRUE,TRUE,24-11-2025
E10942,L005,26-07-2020,Desk-55,Hybrid,5th Floor,TRUE,TRUE,TRUE,24-11-2025
E10943,L004,30-12-2017,Desk-143,Hybrid,5th Floor,TRUE,TRUE,TRUE,24-11-2025
E10944,L001,17-09-2012,Desk-309,Hybrid,5th Floor,TRUE,TRUE,TRUE,24-11-2025
E10945,L002,04-06-2020,Desk-125,Hybrid,5th Floor,TRUE,TRUE,TRUE,24-11-2025
E10946,L001,29-04-2017,Desk-408,Hybrid,5th Floor,TRUE,TRUE,TRUE,24-11-2025
E10947,L005,21-03-2014,Desk-345,Hybrid,5th Floor,TRUE,TRUE,TRUE,24-11-2025
E10948,L004,28-03-2011,Desk-198,Hybrid,5th Floor,TRUE,TRUE,TRUE,24-11-2025
E10949,L001,17-09-2011,Desk-60,Hybrid,5th Floor,TRUE,TRUE,TRUE,24-11-2025
E10950,L002,28-05-2015,Desk-66,Hybrid,5th Floor,TRUE,TRUE,TRUE,24-11-2025
E10951,L001,23-12-2011,Desk-427,Hybrid,5th Floor,TRUE,TRUE,TRUE,24-11-2025
E10952,L005,08-01-2024,Desk-342,Hybrid,5th Floor,TRUE,TRUE,TRUE,24-11-2025
E10953,L003,06-03-2024,Desk-78,Hybrid,5th Floor,TRUE,TRUE,TRUE,24-11-2025
E10954,L001,01-07-2010,Desk-447,Hybrid,5th Floor,TRUE,TRUE,TRUE,24-11-2025
E10955,L001,13-04-2010,Desk-184,Hybrid,5th Floor,TRUE,TRUE,TRUE,24-11-2025
E10956,L003,30-07-2018,Desk-182,Hybrid,5th Floor,TRUE,TRUE,TRUE,24-11-2025
E10957,L004,09-07-2021,Desk-17,Hybrid,5th Floor,TRUE,TRUE,TRUE,24-11-2025
E10958,L001,07-10-2020,Desk-60,Hybrid,5th Floor,TRUE,TRUE,TRUE,24-11-2025
E10959,L001,07-11-2010,Desk-479,Hybrid,5th Floor,TRUE,TRUE,TRUE,24-11-2025
E10960,L001,21-06-2018,Desk-286,Hybrid,5th Floor,TRUE,TRUE,TRUE,24-11-2025
E10961,L004,22-09-2014,Desk-59,Hybrid,5th Floor,TRUE,TRUE,TRUE,24-11-2025
E10962,L005,10-10-2019,Desk-445,Hybrid,5th Floor,TRUE,TRUE,TRUE,24-11-2025
E10963,L003,15-04-2015,Desk-109,Hybrid,5th Floor,TRUE,TRUE,TRUE,24-11-2025
E10964,L003,14-03-2021,Desk-413,Hybrid,5th Floor,TRUE,TRUE,TRUE,24-11-2025
E10965,L003,06-05-2014,Desk-283,Hybrid,5th Floor,TRUE,TRUE,TRUE,24-11-2025
E10966,L002,28-10-2023,Desk-15,Hybrid,5th Floor,TRUE,TRUE,TRUE,24-11-2025
E10967,L001,22-02-2023,Desk-289,Hybrid,5th Floor,TRUE,TRUE,TRUE,24-11-2025
E10968,L004,29-11-2013,Desk-137,Hybrid,5th Floor,TRUE,TRUE,TRUE,24-11-2025
E10969,L004,09-01-2010,Desk-499,Hybrid,5th Floor,TRUE,TRUE,TRUE,24-11-2025
E10970,L003,01-02-2014,Desk-477,Hybrid,5th Floor,TRUE,TRUE,TRUE,24-11-2025
E10971,L003,25-03-2013,Desk-426,Hybrid,5th Floor,TRUE,TRUE,TRUE,24-11-2025
E10972,L004,24-05-2021,Desk-244,Hybrid,5th Floor,TRUE,TRUE,TRUE,24-11-2025
E10973,L002,23-11-2021,Desk-392,Hybrid,5th Floor,TRUE,TRUE,TRUE,24-11-2025
E10974,L004,12-03-2010,Desk-271,Hybrid,5th Floor,TRUE,TRUE,TRUE,24-11-2025
E10975,L004,29-05-2014,Desk-492,Hybrid,5th Floor,TRUE,TRUE,TRUE,24-11-2025
E10976,L001,17-11-2022,Desk-335,Hybrid,5th Floor,TRUE,TRUE,TRUE,24-11-2025
E10977,L001,07-03-2023,Desk-396,Hybrid,5th Floor,TRUE,TRUE,TRUE,24-11-2025
E10978,L004,08-06-2020,Desk-237,Hybrid,5th Floor,TRUE,TRUE,TRUE,24-11-2025
E10979,L005,10-11-2023,Desk-447,Hybrid,5th Floor,TRUE,TRUE,TRUE,24-11-2025
E10980,L004,22-03-2022,Desk-22,Hybrid,5th Floor,TRUE,TRUE,TRUE,24-11-2025
E10981,L003,24-01-2011,Desk-284,Hybrid,5th Floor,TRUE,TRUE,TRUE,24-11-2025
E10982,L004,28-01-2022,Desk-313,Hybrid,5th Floor,TRUE,TRUE,TRUE,24-11-2025
E10983,L003,22-06-2022,Desk-160,Hybrid,5th Floor,TRUE,TRUE,TRUE,24-11-2025
E10984,L002,05-06-2013,Desk-280,Hybrid,5th Floor,TRUE,TRUE,TRUE,24-11-2025
E10985,L005,14-10-2016,Desk-428,Hybrid,5th Floor,TRUE,TRUE,TRUE,24-11-2025
E10986,L002,03-01-2021,Desk-368,Hybrid,5th Floor,TRUE,TRUE,TRUE,24-11-2025
E10987,L002,18-12-2023,Desk-161,Hybrid,5th Floor,TRUE,TRUE,TRUE,24-11-2025
E10988,L001,02-12-2015,Desk-170,Hybrid,5th Floor,TRUE,TRUE,TRUE,24-11-2025
E10989,L002,04-01-2014,Desk-239,Hybrid,5th Floor,TRUE,TRUE,TRUE,24-11-2025
E10990,L004,08-04-2015,Desk-468,Hybrid,5th Floor,TRUE,TRUE,TRUE,24-11-2025
E10991,L002,18-01-2012,Desk-129,Hybrid,5th Floor,TRUE,TRUE,TRUE,24-11-2025
E10992,L001,04-03-2014,Desk-21,Hybrid,5th Floor,TRUE,TRUE,TRUE,24-11-2025
E10993,L001,16-02-2022,Desk-164,Hybrid,5th Floor,TRUE,TRUE,TRUE,24-11-2025
E10994,L005,09-05-2012,Desk-168,Hybrid,5th Floor,TRUE,TRUE,TRUE,24-11-2025
E10995,L004,26-09-2023,Desk-12,Hybrid,5th Floor,TRUE,TRUE,TRUE,24-11-2025
E10996,L001,20-12-2014,Desk-335,Hybrid,5th Floor,TRUE,TRUE,TRUE,24-11-2025
E10997,L001,08-04-2016,Desk-332,Hybrid,5th Floor,TRUE,TRUE,TRUE,24-11-2025
E10998,L005,26-04-2022,Desk-467,Hybrid,5th Floor,TRUE,TRUE,TRUE,24-11-2025
E10999,L002,15-05-2011,Desk-443,Hybrid,5th Floor,TRUE,TRUE,TRUE,24-11-2025
E11000,L004,11-07-2014,Desk-426,Hybrid,5th Floor,TRUE,TRUE,TRUE,24-11-2025
E11001,L001,31-08-2011,Desk-460,Hybrid,5th Floor,TRUE,TRUE,TRUE,24-11-2025
E11002,L002,29-10-2024,Desk-312,Hybrid,5th Floor,TRUE,TRUE,TRUE,24-11-2025
E11003,L004,29-10-2016,Desk-77,Hybrid,5th Floor,TRUE,TRUE,TRUE,24-11-2025
E11004,L003,07-10-2023,Desk-141,Hybrid,5th Floor,TRUE,TRUE,TRUE,24-11-2025
E11005,L002,02-05-2015,Desk-382,Hybrid,5th Floor,TRUE,TRUE,TRUE,24-11-2025
E11006,L005,09-01-2013,Desk-130,Hybrid,5th Floor,TRUE,TRUE,TRUE,24-11-2025
E11007,L004,18-11-2014,Desk-25,Hybrid,5th Floor,TRUE,TRUE,TRUE,24-11-2025
E11008,L001,27-09-2014,Desk-254,Hybrid,5th Floor,TRUE,TRUE,TRUE,24-11-2025
E11009,L003,16-10-2021,Desk-38,Hybrid,5th Floor,TRUE,TRUE,TRUE,24-11-2025
E11010,L001,11-11-2018,Desk-327,Hybrid,5th Floor,TRUE,TRUE,TRUE,24-11-2025
E11011,L003,12-07-2014,Desk-372,Hybrid,5th Floor,TRUE,TRUE,TRUE,24-11-2025
E11012,L005,21-11-2020,Desk-343,Hybrid,5th Floor,TRUE,TRUE,TRUE,24-11-2025
E11013,L005,11-06-2021,Desk-190,Hybrid,5th Floor,TRUE,TRUE,TRUE,24-11-2025
E11014,L004,13-01-2022,Desk-145,Hybrid,5th Floor,TRUE,TRUE,TRUE,24-11-2025
E11015,L002,06-07-2021,Desk-199,Hybrid,5th Floor,TRUE,TRUE,TRUE,24-11-2025
E11016,L004,19-03-2017,Desk-206,Hybrid,5th Floor,TRUE,TRUE,TRUE,24-11-2025
E11017,L002,15-10-2024,Desk-332,Hybrid,5th Floor,TRUE,TRUE,TRUE,24-11-2025
E11018,L003,28-05-2021,Desk-242,Hybrid,5th Floor,TRUE,TRUE,TRUE,24-11-2025
E11019,L005,25-04-2019,Desk-407,Hybrid,5th Floor,TRUE,TRUE,TRUE,24-11-2025
E11020,L002,12-07-2022,Desk-124,Hybrid,5th Floor,TRUE,TRUE,TRUE,24-11-2025
E11021,L003,23-02-2017,Desk-238,Hybrid,5th Floor,TRUE,TRUE,TRUE,24-11-2025
E11022,L002,21-10-2017,Desk-395,Hybrid,5th Floor,TRUE,TRUE,TRUE,24-11-2025
E11023,L003,07-12-2011,Desk-233,Hybrid,5th Floor,TRUE,TRUE,TRUE,24-11-2025
E11024,L004,30-08-2021,Desk-151,Hybrid,5th Floor,TRUE,TRUE,TRUE,24-11-2025
E11025,L001,02-09-2022,Desk-351,Hybrid,5th Floor,TRUE,TRUE,TRUE,24-11-2025
E11026,L002,04-01-2014,Desk-183,Hybrid,5th Floor,TRUE,TRUE,TRUE,24-11-2025
E11027,L003,07-08-2021,Desk-371,Hybrid,5th Floor,TRUE,TRUE,TRUE,24-11-2025
E11028,L005,24-07-2011,Desk-434,Hybrid,5th Floor,TRUE,TRUE,TRUE,24-11-2025
E11029,L004,03-08-2024,Desk-301,Hybrid,5th Floor,TRUE,TRUE,TRUE,24-11-2025
E11030,L005,29-07-2017,Desk-385,Hybrid,5th Floor,TRUE,TRUE,TRUE,24-11-2025
E11031,L004,23-12-2024,Desk-379,Hybrid,5th Floor,TRUE,TRUE,TRUE,24-11-2025
E11032,L001,25-01-2024,Desk-233,Hybrid,5th Floor,TRUE,TRUE,TRUE,24-11-2025
E11033,L003,09-08-2015,Desk-168,Hybrid,5th Floor,TRUE,TRUE,TRUE,24-11-2025
E11034,L001,05-07-2012,Desk-131,Hybrid,5th Floor,TRUE,TRUE,TRUE,24-11-2025
E11035,L002,19-09-2017,Desk-471,Hybrid,5th Floor,TRUE,TRUE,TRUE,24-11-2025
E11036,L002,10-06-2014,Desk-57,Hybrid,5th Floor,TRUE,TRUE,TRUE,24-11-2025
E11037,L001,25-02-2018,Desk-141,Hybrid,5th Floor,TRUE,TRUE,TRUE,24-11-2025
E11038,L005,03-01-2021,Desk-312,Hybrid,5th Floor,TRUE,TRUE,TRUE,24-11-2025
E11039,L005,10-03-2015,Desk-450,Hybrid,5th Floor,TRUE,TRUE,TRUE,24-11-2025
E11040,L004,31-01-2014,Desk-454,Hybrid,5th Floor,TRUE,TRUE,TRUE,24-11-2025
E11041,L004,23-03-2014,Desk-80,Hybrid,5th Floor,TRUE,TRUE,TRUE,24-11-2025
E11042,L005,14-04-2010,Desk-447,Hybrid,5th Floor,TRUE,TRUE,TRUE,24-11-2025
E11043,L003,16-01-2010,Desk-352,Hybrid,5th Floor,TRUE,TRUE,TRUE,24-11-2025
E11044,L003,27-02-2012,Desk-407,Hybrid,5th Floor,TRUE,TRUE,TRUE,24-11-2025
E11045,L001,20-02-2023,Desk-441,Hybrid,5th Floor,TRUE,TRUE,TRUE,24-11-2025
E11046,L002,12-06-2022,Desk-60,Hybrid,5th Floor,TRUE,TRUE,TRUE,24-11-2025
E11047,L002,23-11-2021,Desk-88,Hybrid,5th Floor,TRUE,TRUE,TRUE,24-11-2025
E11048,L002,01-02-2022,Desk-17,Hybrid,5th Floor,TRUE,TRUE,TRUE,24-11-2025
E11049,L004,09-06-2010,Desk-210,Hybrid,5th Floor,TRUE,TRUE,TRUE,24-11-2025
E11050,L005,12-01-2017,Desk-239,Hybrid,5th Floor,TRUE,TRUE,TRUE,24-11-2025
E11051,L001,05-04-2023,Desk-350,Hybrid,5th Floor,TRUE,TRUE,TRUE,24-11-2025
E11052,L005,14-07-2021,Desk-424,Hybrid,5th Floor,TRUE,TRUE,TRUE,24-11-2025
E11053,L005,31-12-2013,Desk-7,Hybrid,5th Floor,TRUE,TRUE,TRUE,24-11-2025
E11054,L004,20-03-2011,Desk-447,Hybrid,5th Floor,TRUE,TRUE,TRUE,24-11-2025
E11055,L004,04-02-2017,Desk-201,Hybrid,5th Floor,TRUE,TRUE,TRUE,24-11-2025
E11056,L002,04-03-2014,Desk-293,Hybrid,5th Floor,TRUE,TRUE,TRUE,24-11-2025
E11057,L005,16-03-2016,Desk-179,Hybrid,5th Floor,TRUE,TRUE,TRUE,24-11-2025
E11058,L002,12-02-2014,Desk-33,Hybrid,5th Floor,TRUE,TRUE,TRUE,24-11-2025
E11059,L005,15-08-2015,Desk-161,Hybrid,5th Floor,TRUE,TRUE,TRUE,24-11-2025
E11060,L001,14-01-2022,Desk-216,Hybrid,5th Floor,TRUE,TRUE,TRUE,24-11-2025
E11061,L005,23-06-2020,Desk-300,Hybrid,5th Floor,TRUE,TRUE,TRUE,24-11-2025
E11062,L005,01-05-2017,Desk-174,Hybrid,5th Floor,TRUE,TRUE,TRUE,24-11-2025
E11063,L003,07-03-2015,Desk-362,Hybrid,5th Floor,TRUE,TRUE,TRUE,24-11-2025
E11064,L002,05-11-2020,Desk-451,Hybrid,5th Floor,TRUE,TRUE,TRUE,24-11-2025
E11065,L001,22-07-2017,Desk-496,Hybrid,5th Floor,TRUE,TRUE,TRUE,24-11-2025
E11066,L003,14-11-2013,Desk-286,Hybrid,5th Floor,TRUE,TRUE,TRUE,24-11-2025
E11067,L002,27-05-2020,Desk-152,Hybrid,5th Floor,TRUE,TRUE,TRUE,24-11-2025
E11068,L004,08-07-2022,Desk-346,Hybrid,5th Floor,TRUE,TRUE,TRUE,24-11-2025
E11069,L003,20-10-2011,Desk-192,Hybrid,5th Floor,TRUE,TRUE,TRUE,24-11-2025
E11070,L004,17-10-2015,Desk-310,Hybrid,5th Floor,TRUE,TRUE,TRUE,24-11-2025
E11071,L004,11-06-2012,Desk-191,Hybrid,5th Floor,TRUE,TRUE,TRUE,24-11-2025
E11072,L002,04-05-2021,Desk-468,Hybrid,5th Floor,TRUE,TRUE,TRUE,24-11-2025
E11073,L002,29-12-2022,Desk-500,Hybrid,5th Floor,TRUE,TRUE,TRUE,24-11-2025
E11074,L003,23-12-2022,Desk-134,Hybrid,5th Floor,TRUE,TRUE,TRUE,24-11-2025
E11075,L003,18-05-2013,Desk-183,Hybrid,5th Floor,TRUE,TRUE,TRUE,24-11-2025
E11076,L005,01-12-2020,Desk-63,Hybrid,5th Floor,TRUE,TRUE,TRUE,24-11-2025
E11077,L003,19-05-2016,Desk-174,Hybrid,5th Floor,TRUE,TRUE,TRUE,24-11-2025
E11078,L001,22-08-2011,Desk-46,Hybrid,5th Floor,TRUE,TRUE,TRUE,24-11-2025
E11079,L003,17-12-2022,Desk-177,Hybrid,5th Floor,TRUE,TRUE,TRUE,24-11-2025
E11080,L001,16-07-2014,Desk-222,Hybrid,5th Floor,TRUE,TRUE,TRUE,24-11-2025
E11081,L002,04-02-2013,Desk-251,Hybrid,5th Floor,TRUE,TRUE,TRUE,24-11-2025
E11082,L002,02-08-2010,Desk-392,Hybrid,5th Floor,TRUE,TRUE,TRUE,24-11-2025
E11083,L002,18-11-2014,Desk-168,Hybrid,5th Floor,TRUE,TRUE,TRUE,24-11-2025
E11084,L004,24-04-2023,Desk-304,Hybrid,5th Floor,TRUE,TRUE,TRUE,24-11-2025
E11085,L002,15-03-2021,Desk-276,Hybrid,5th Floor,TRUE,TRUE,TRUE,24-11-2025
E11086,L005,07-07-2018,Desk-294,Hybrid,5th Floor,TRUE,TRUE,TRUE,24-11-2025
E11087,L005,31-07-2012,Desk-70,Hybrid,5th Floor,TRUE,TRUE,TRUE,24-11-2025
E11088,L005,30-05-2018,Desk-65,Hybrid,5th Floor,TRUE,TRUE,TRUE,24-11-2025
E11089,L005,17-11-2013,Desk-500,Hybrid,5th Floor,TRUE,TRUE,TRUE,24-11-2025
E11090,L004,15-05-2014,Desk-463,Hybrid,5th Floor,TRUE,TRUE,TRUE,24-11-2025
E11091,L005,13-01-2022,Desk-108,Hybrid,5th Floor,TRUE,TRUE,TRUE,24-11-2025
E11092,L001,10-09-2010,Desk-278,Hybrid,5th Floor,TRUE,TRUE,TRUE,24-11-2025
E11093,L003,25-12-2011,Desk-328,Hybrid,5th Floor,TRUE,TRUE,TRUE,24-11-2025
E11094,L003,30-12-2023,Desk-279,Hybrid,5th Floor,TRUE,TRUE,TRUE,24-11-2025
E11095,L005,04-09-2012,Desk-311,Hybrid,5th Floor,TRUE,TRUE,TRUE,24-11-2025
E11096,L001,15-07-2022,Desk-130,Hybrid,5th Floor,TRUE,TRUE,TRUE,24-11-2025
E11097,L003,06-08-2017,Desk-51,Hybrid,5th Floor,TRUE,TRUE,TRUE,24-11-2025
E11098,L002,12-10-2019,Desk-414,Hybrid,5th Floor,TRUE,TRUE,TRUE,24-11-2025
E11099,L004,27-12-2022,Desk-30,Hybrid,5th Floor,TRUE,TRUE,TRUE,24-11-2025
E11100,L002,13-05-2010,Desk-194,Hybrid,5th Floor,TRUE,TRUE,TRUE,24-11-2025
E11101,L002,15-11-2010,Desk-430,Hybrid,5th Floor,TRUE,TRUE,TRUE,24-11-2025
E11102,L005,07-08-2011,Desk-455,Hybrid,5th Floor,TRUE,TRUE,TRUE,24-11-2025
E11103,L005,31-08-2021,Desk-428,Hybrid,5th Floor,TRUE,TRUE,TRUE,24-11-2025
E11104,L003,22-02-2022,Desk-465,Hybrid,5th Floor,TRUE,TRUE,TRUE,24-11-2025
E11105,L002,19-05-2015,Desk-322,Hybrid,5th Floor,TRUE,TRUE,TRUE,24-11-2025
E11106,L001,25-02-2011,Desk-132,Hybrid,5th Floor,TRUE,TRUE,TRUE,24-11-2025
E11107,L005,24-05-2015,Desk-474,Hybrid,5th Floor,TRUE,TRUE,TRUE,24-11-2025
E11108,L001,27-11-2012,Desk-63,Hybrid,5th Floor,TRUE,TRUE,TRUE,24-11-2025
E11109,L003,06-09-2015,Desk-4,Hybrid,5th Floor,TRUE,TRUE,TRUE,24-11-2025
E11110,L005,03-03-2024,Desk-27,Hybrid,5th Floor,TRUE,TRUE,TRUE,24-11-2025
E11111,L005,09-07-2022,Desk-403,Hybrid,5th Floor,TRUE,TRUE,TRUE,24-11-2025
E11112,L004,02-07-2023,Desk-359,Hybrid,5th Floor,TRUE,TRUE,TRUE,24-11-2025
E11113,L001,27-07-2023,Desk-317,Hybrid,5th Floor,TRUE,TRUE,TRUE,24-11-2025
E11114,L003,14-03-2019,Desk-4,Hybrid,5th Floor,TRUE,TRUE,TRUE,24-11-2025
E11115,L002,26-06-2022,Desk-102,Hybrid,5th Floor,TRUE,TRUE,TRUE,24-11-2025
E11116,L005,18-04-2018,Desk-368,Hybrid,5th Floor,TRUE,TRUE,TRUE,24-11-2025
E11117,L002,13-12-2012,Desk-412,Hybrid,5th Floor,TRUE,TRUE,TRUE,24-11-2025
E11118,L005,15-10-2020,Desk-445,Hybrid,5th Floor,TRUE,TRUE,TRUE,24-11-2025
E11119,L004,25-03-2017,Desk-264,Hybrid,5th Floor,TRUE,TRUE,TRUE,24-11-2025
E11120,L005,22-12-2021,Desk-52,Hybrid,5th Floor,TRUE,TRUE,TRUE,24-11-2025
E11121,L003,12-04-2018,Desk-415,Hybrid,5th Floor,TRUE,TRUE,TRUE,24-11-2025
E11122,L005,20-12-2014,Desk-447,Hybrid,5th Floor,TRUE,TRUE,TRUE,24-11-2025
E11123,L004,04-07-2022,Desk-318,Hybrid,5th Floor,TRUE,TRUE,TRUE,24-11-2025
E11124,L004,03-04-2021,Desk-298,Hybrid,5th Floor,TRUE,TRUE,TRUE,24-11-2025
E11125,L005,23-02-2010,Desk-29,Hybrid,5th Floor,TRUE,TRUE,TRUE,24-11-2025
E11126,L003,18-10-2010,Desk-290,Hybrid,5th Floor,TRUE,TRUE,TRUE,24-11-2025
E11127,L002,09-01-2022,Desk-170,Hybrid,5th Floor,TRUE,TRUE,TRUE,24-11-2025
E11128,L001,11-01-2020,Desk-259,Hybrid,5th Floor,TRUE,TRUE,TRUE,24-11-2025
E11129,L003,06-09-2014,Desk-188,Hybrid,5th Floor,TRUE,TRUE,TRUE,24-11-2025
E11130,L004,20-05-2010,Desk-257,Hybrid,5th Floor,TRUE,TRUE,TRUE,24-11-2025
E11131,L002,01-06-2017,Desk-413,Hybrid,5th Floor,TRUE,TRUE,TRUE,24-11-2025
E11132,L003,16-08-2017,Desk-124,Hybrid,5th Floor,TRUE,TRUE,TRUE,24-11-2025
E11133,L001,19-02-2021,Desk-226,Hybrid,5th Floor,TRUE,TRUE,TRUE,24-11-2025
E11134,L005,01-08-2022,Desk-440,Hybrid,5th Floor,TRUE,TRUE,TRUE,24-11-2025
E11135,L001,28-11-2016,Desk-326,Hybrid,5th Floor,TRUE,TRUE,TRUE,24-11-2025
E11136,L001,17-04-2014,Desk-3,Hybrid,5th Floor,TRUE,TRUE,TRUE,24-11-2025
E11137,L004,10-07-2013,Desk-322,Hybrid,5th Floor,TRUE,TRUE,TRUE,24-11-2025
E11138,L004,29-09-2022,Desk-125,Hybrid,5th Floor,TRUE,TRUE,TRUE,24-11-2025
E11139,L005,22-07-2018,Desk-147,Hybrid,5th Floor,TRUE,TRUE,TRUE,24-11-2025
E11140,L002,05-12-2011,Desk-153,Hybrid,5th Floor,TRUE,TRUE,TRUE,24-11-2025
E11141,L004,12-01-2023,Desk-270,Hybrid,5th Floor,TRUE,TRUE,TRUE,24-11-2025
E11142,L001,26-01-2011,Desk-396,Hybrid,5th Floor,TRUE,TRUE,TRUE,24-11-2025
E11143,L003,14-01-2023,Desk-210,Hybrid,5th Floor,TRUE,TRUE,TRUE,24-11-2025
E11144,L003,21-02-2022,Desk-204,Hybrid,5th Floor,TRUE,TRUE,TRUE,24-11-2025
E11145,L004,23-07-2010,Desk-125,Hybrid,5th Floor,TRUE,TRUE,TRUE,24-11-2025
E11146,L001,03-05-2010,Desk-44,Hybrid,5th Floor,TRUE,TRUE,TRUE,24-11-2025
E11147,L005,21-09-2016,Desk-106,Hybrid,5th Floor,TRUE,TRUE,TRUE,24-11-2025
E11148,L005,20-08-2011,Desk-413,Hybrid,5th Floor,TRUE,TRUE,TRUE,24-11-2025
E11149,L001,12-11-2013,Desk-485,Hybrid,5th Floor,TRUE,TRUE,TRUE,24-11-2025
E11150,L003,02-11-2021,Desk-477,Hybrid,5th Floor,TRUE,TRUE,TRUE,24-11-2025
E11151,L003,01-10-2024,Desk-364,Hybrid,5th Floor,TRUE,TRUE,TRUE,24-11-2025
E11152,L001,11-06-2018,Desk-486,Hybrid,5th Floor,TRUE,TRUE,TRUE,24-11-2025
E11153,L002,15-11-2021,Desk-244,Hybrid,5th Floor,TRUE,TRUE,TRUE,24-11-2025
E11154,L002,09-05-2020,Desk-444,Hybrid,5th Floor,TRUE,TRUE,TRUE,24-11-2025
E11155,L005,28-07-2013,Desk-497,Hybrid,5th Floor,TRUE,TRUE,TRUE,24-11-2025
E11156,L005,13-05-2018,Desk-228,Hybrid,5th Floor,TRUE,TRUE,TRUE,24-11-2025
E11157,L005,23-09-2010,Desk-325,Hybrid,5th Floor,TRUE,TRUE,TRUE,24-11-2025
E11158,L005,03-12-2014,Desk-493,Hybrid,5th Floor,TRUE,TRUE,TRUE,24-11-2025
E11159,L004,09-07-2023,Desk-345,Hybrid,5th Floor,TRUE,TRUE,TRUE,24-11-2025
E11160,L001,29-06-2016,Desk-320,Hybrid,5th Floor,TRUE,TRUE,TRUE,24-11-2025
E11161,L001,12-12-2020,Desk-424,Hybrid,5th Floor,TRUE,TRUE,TRUE,24-11-2025
E11162,L004,05-03-2016,Desk-411,Hybrid,5th Floor,TRUE,TRUE,TRUE,24-11-2025
E11163,L001,28-04-2017,Desk-481,Hybrid,5th Floor,TRUE,TRUE,TRUE,24-11-2025
E11164,L004,07-07-2021,Desk-98,Hybrid,5th Floor,TRUE,TRUE,TRUE,24-11-2025
E11165,L002,17-03-2019,Desk-144,Hybrid,5th Floor,TRUE,TRUE,TRUE,24-11-2025
E11166,L002,18-11-2012,Desk-500,Hybrid,5th Floor,TRUE,TRUE,TRUE,24-11-2025
E11167,L004,15-02-2013,Desk-346,Hybrid,5th Floor,TRUE,TRUE,TRUE,24-11-2025
E11168,L002,11-07-2018,Desk-286,Hybrid,5th Floor,TRUE,TRUE,TRUE,24-11-2025
E11169,L001,05-05-2011,Desk-213,Hybrid,5th Floor,TRUE,TRUE,TRUE,24-11-2025
E11170,L003,02-11-2023,Desk-217,Hybrid,5th Floor,TRUE,TRUE,TRUE,24-11-2025
E11171,L001,02-02-2014,Desk-221,Hybrid,5th Floor,TRUE,TRUE,TRUE,24-11-2025
E11172,L005,29-05-2019,Desk-379,Hybrid,5th Floor,TRUE,TRUE,TRUE,24-11-2025
E11173,L001,17-09-2018,Desk-101,Hybrid,5th Floor,TRUE,TRUE,TRUE,24-11-2025
E11174,L003,30-08-2018,Desk-417,Hybrid,5th Floor,TRUE,TRUE,TRUE,24-11-2025
E11175,L005,18-03-2024,Desk-205,Hybrid,5th Floor,TRUE,TRUE,TRUE,24-11-2025
E11176,L003,29-05-2010,Desk-431,Hybrid,5th Floor,TRUE,TRUE,TRUE,24-11-2025
E11177,L005,13-05-2015,Desk-387,Hybrid,5th Floor,TRUE,TRUE,TRUE,24-11-2025
E11178,L003,23-05-2018,Desk-208,Hybrid,5th Floor,TRUE,TRUE,TRUE,24-11-2025
E11179,L005,17-05-2018,Desk-461,Hybrid,5th Floor,TRUE,TRUE,TRUE,24-11-2025
E11180,L005,20-08-2011,Desk-246,Hybrid,5th Floor,TRUE,TRUE,TRUE,24-11-2025
E11181,L005,22-11-2017,Desk-106,Hybrid,5th Floor,TRUE,TRUE,TRUE,24-11-2025
E11182,L001,04-01-2019,Desk-310,Hybrid,5th Floor,TRUE,TRUE,TRUE,24-11-2025
E11183,L005,19-01-2022,Desk-156,Hybrid,5th Floor,TRUE,TRUE,TRUE,24-11-2025
E11184,L002,27-03-2015,Desk-460,Hybrid,5th Floor,TRUE,TRUE,TRUE,24-11-2025
E11185,L004,02-07-2011,Desk-335,Hybrid,5th Floor,TRUE,TRUE,TRUE,24-11-2025
E11186,L001,12-10-2011,Desk-469,Hybrid,5th Floor,TRUE,TRUE,TRUE,24-11-2025
E11187,L001,03-01-2010,Desk-67,Hybrid,5th Floor,TRUE,TRUE,TRUE,24-11-2025
E11188,L004,06-12-2022,Desk-335,Hybrid,5th Floor,TRUE,TRUE,TRUE,24-11-2025
E11189,L002,08-05-2020,Desk-158,Hybrid,5th Floor,TRUE,TRUE,TRUE,24-11-2025
E11190,L002,03-02-2022,Desk-311,Hybrid,5th Floor,TRUE,TRUE,TRUE,24-11-2025
E11191,L003,15-03-2017,Desk-410,Hybrid,5th Floor,TRUE,TRUE,TRUE,24-11-2025
E11192,L001,04-07-2013,Desk-270,Hybrid,5th Floor,TRUE,TRUE,TRUE,24-11-2025
E11193,L003,08-12-2022,Desk-190,Hybrid,5th Floor,TRUE,TRUE,TRUE,24-11-2025
E11194,L001,17-07-2011,Desk-36,Hybrid,5th Floor,TRUE,TRUE,TRUE,24-11-2025
E11195,L004,22-01-2015,Desk-260,Hybrid,5th Floor,TRUE,TRUE,TRUE,24-11-2025
E11196,L001,18-11-2021,Desk-250,Hybrid,5th Floor,TRUE,TRUE,TRUE,24-11-2025
E11197,L004,02-03-2019,Desk-253,Hybrid,5th Floor,TRUE,TRUE,TRUE,24-11-2025
E11198,L001,11-07-2019,Desk-277,Hybrid,5th Floor,TRUE,TRUE,TRUE,24-11-2025
E11199,L005,02-07-2023,Desk-241,Hybrid,5th Floor,TRUE,TRUE,TRUE,24-11-2025
E11200,L005,23-07-2010,Desk-193,Hybrid,5th Floor,TRUE,TRUE,TRUE,24-11-2025
